<?xml version="1.0" encoding="utf-8" ?>
<dwsync>
<file name="D2LAppContext.php" server="ftp.robertwall.com//public_html/" local="129999111050000000" remote="130180621800000000" Dst="2" />
<file name="D2LAppContextFactory.php" server="ftp.robertwall.com//public_html/" local="129991233220000000" remote="130180621800000000" Dst="2" />
<file name="D2LConstants.php" server="ftp.robertwall.com//public_html/" local="129991233220000000" remote="130180621800000000" Dst="2" />
<file name="D2LHostSpec.php" server="ftp.robertwall.com//public_html/" local="129999111050000000" remote="130180621800000000" Dst="2" />
<file name="D2LSigner.php" server="ftp.robertwall.com//public_html/" local="129991233220000000" remote="130180621800000000" Dst="2" />
<file name="D2LUserContext.php" server="ftp.robertwall.com//public_html/" local="129991233220000000" remote="130180621800000000" Dst="2" />
<file name="ID2LAppContext.php" server="ftp.robertwall.com//public_html/" local="129999111050000000" remote="130180621800000000" Dst="2" />
<file name="ID2LUserContext.php" server="ftp.robertwall.com//public_html/" local="129991233220000000" remote="130180621800000000" Dst="2" />
<file name="UserOpSecurityParameters.php" server="ftp.robertwall.com//public_html/" local="129991233220000000" remote="130180621800000000" Dst="2" />
<file name="version.txt" server="ftp.robertwall.com//public_html/" local="129991233220000000" remote="130180621800000000" Dst="2" />
</dwsync>