<?xml version="1.0" encoding="UTF-8" ?>
<lesson>
<id>1359490667412</id>
<lessonrevisionnumber>8</lessonrevisionnumber>
<points>0</points>
<name urlencoding="UTF-8"><![CDATA[Writing+Objectives]]></name>
<inlinemedia>
  <inlineobject>
    <id>inlinemedia5</id>
<metadata xmlns:csmd="http://www.imsglobal.org/profile/cc/ccv1p2/ccv1p2_imscsmd_v1p0.xsd" xmlns:dc="http://dublincore.org/documents/dces/">
    <dc:title urlencoding="UTF-8"><![CDATA[Screen+shot+2013-01-29+at+2.52.48+PM.jpg]]></dc:title>
    <dc:description urlencoding="UTF-8"/>
    <dc:creator urlencoding="UTF-8"/>
    <dc:contributor urlencoding="UTF-8">None</dc:contributor>
    <dc:source urlencoding="UTF-8">None</dc:source>
    <dc:relation urlencoding="UTF-8">None</dc:relation>
    <dc:rights>yes</dc:rights>
    <dc:coverage urlencoding="UTF-8"/>
    <dc:subject/>
    <dc:format>HTML / XHTML</dc:format>
    <dc:type>Tutorial</dc:type>
    <dc:audience>Unspecified</dc:audience>
    <dc:license>Unspecified</dc:license>
    <dc:publisher urlencoding="UTF-8">SoftChalk</dc:publisher>
    <version urlencoding="UTF-8">1.0</version>
    <Cost Currency="USD" urlencoding="UTF-8">None</Cost>
    <SubTitle urlencoding="UTF-8"/>
    <SingleTry/>
    <TotalPoints/>
    <SchoolName urlencoding="UTF-8"/>
    <Language urlencoding="UTF-8"/>
    <NumberOfPages/>
    <MainFileName/>
    <CreatorFirstName urlencoding="UTF-8"/>
    <CreatorLastName urlencoding="UTF-8"/>
    <CreatorOrganization urlencoding="UTF-8"/>
    <CreatorEmail urlencoding="UTF-8"/>
    <Subjects/>
    <Levels/>
    <ImagesPresent>false</ImagesPresent>
    <ImageEquivalents>false</ImageEquivalents>
    <ImageEquivalentsPresentation>Unspecified</ImageEquivalentsPresentation>
    <StructuralElements/>
    <FlashingPresent>false</FlashingPresent>
    <FlashingSlow>false</FlashingSlow>
    <FlashingDisablable>false</FlashingDisablable>
    <MultimediaPresent>false</MultimediaPresent>
    <MultimediaFormats/>
    <MultimediaAlternatives/>
    <MultimediaComment urlencoding="UTF-8"/>
    <TablesPresent>false</TablesPresent>
    <TablesPresentation>Unspecified</TablesPresentation>
    <TableRowsColumnsIdentified>false</TableRowsColumnsIdentified>
    <ColorUsedForInformation>false</ColorUsedForInformation>
    <ColorAlternativesPresent>false</ColorAlternativesPresent>
    <TextContrast>Good</TextContrast>
    <TextModifiables/>
    <CommericalAlternative>false</CommericalAlternative>
    <CommericalAlternativeObjects>false</CommericalAlternativeObjects>
    <CommericalAlternativeReadingOrder>false</CommericalAlternativeReadingOrder>
    <FramesPresent>true</FramesPresent>
    <FormsPresent>false</FormsPresent>
    <ImageMapsPresent>false</ImageMapsPresent>
    <TimedResponseUsed>false</TimedResponseUsed>
    <Hazards>
        <Hazard>None</Hazard>
    </Hazards>
    <SupportTools>
        <SupportTool>None</SupportTool>
    </SupportTools>
    <StandardsSupport>
        <WCAGLevel>WCAG1A</WCAGLevel>
        <LegislationSupport>
            <Legislation>US (Section 508)</Legislation>
        </LegislationSupport>
        <StandardsComment urlencoding="UTF-8"/>
    </StandardsSupport>
</metadata>
  </inlineobject>
  <inlineobject>
    <id>inlinemedia4</id>
<metadata xmlns:csmd="http://www.imsglobal.org/profile/cc/ccv1p2/ccv1p2_imscsmd_v1p0.xsd" xmlns:dc="http://dublincore.org/documents/dces/">
    <dc:title urlencoding="UTF-8"><![CDATA[Screen+shot+2013-01-29+at+2.48.01+PM.png]]></dc:title>
    <dc:description urlencoding="UTF-8"/>
    <dc:creator urlencoding="UTF-8"/>
    <dc:contributor urlencoding="UTF-8">None</dc:contributor>
    <dc:source urlencoding="UTF-8">None</dc:source>
    <dc:relation urlencoding="UTF-8">None</dc:relation>
    <dc:rights>yes</dc:rights>
    <dc:coverage urlencoding="UTF-8"/>
    <dc:subject/>
    <dc:format>HTML / XHTML</dc:format>
    <dc:type>Tutorial</dc:type>
    <dc:audience>Unspecified</dc:audience>
    <dc:license>Unspecified</dc:license>
    <dc:publisher urlencoding="UTF-8">SoftChalk</dc:publisher>
    <version urlencoding="UTF-8">1.0</version>
    <Cost Currency="USD" urlencoding="UTF-8">None</Cost>
    <SubTitle urlencoding="UTF-8"/>
    <SingleTry/>
    <TotalPoints/>
    <SchoolName urlencoding="UTF-8"/>
    <Language urlencoding="UTF-8"/>
    <NumberOfPages/>
    <MainFileName/>
    <CreatorFirstName urlencoding="UTF-8"/>
    <CreatorLastName urlencoding="UTF-8"/>
    <CreatorOrganization urlencoding="UTF-8"/>
    <CreatorEmail urlencoding="UTF-8"/>
    <Subjects/>
    <Levels/>
    <ImagesPresent>false</ImagesPresent>
    <ImageEquivalents>false</ImageEquivalents>
    <ImageEquivalentsPresentation>Unspecified</ImageEquivalentsPresentation>
    <StructuralElements/>
    <FlashingPresent>false</FlashingPresent>
    <FlashingSlow>false</FlashingSlow>
    <FlashingDisablable>false</FlashingDisablable>
    <MultimediaPresent>false</MultimediaPresent>
    <MultimediaFormats/>
    <MultimediaAlternatives/>
    <MultimediaComment urlencoding="UTF-8"/>
    <TablesPresent>false</TablesPresent>
    <TablesPresentation>Unspecified</TablesPresentation>
    <TableRowsColumnsIdentified>false</TableRowsColumnsIdentified>
    <ColorUsedForInformation>false</ColorUsedForInformation>
    <ColorAlternativesPresent>false</ColorAlternativesPresent>
    <TextContrast>Good</TextContrast>
    <TextModifiables/>
    <CommericalAlternative>false</CommericalAlternative>
    <CommericalAlternativeObjects>false</CommericalAlternativeObjects>
    <CommericalAlternativeReadingOrder>false</CommericalAlternativeReadingOrder>
    <FramesPresent>true</FramesPresent>
    <FormsPresent>false</FormsPresent>
    <ImageMapsPresent>false</ImageMapsPresent>
    <TimedResponseUsed>false</TimedResponseUsed>
    <Hazards>
        <Hazard>None</Hazard>
    </Hazards>
    <SupportTools>
        <SupportTool>None</SupportTool>
    </SupportTools>
    <StandardsSupport>
        <WCAGLevel>WCAG1A</WCAGLevel>
        <LegislationSupport>
            <Legislation>US (Section 508)</Legislation>
        </LegislationSupport>
        <StandardsComment urlencoding="UTF-8"/>
    </StandardsSupport>
</metadata>
  </inlineobject>
  <inlineobject>
    <id>inlinemedia3</id>
<metadata xmlns:csmd="http://www.imsglobal.org/profile/cc/ccv1p2/ccv1p2_imscsmd_v1p0.xsd" xmlns:dc="http://dublincore.org/documents/dces/">
    <dc:title urlencoding="UTF-8"><![CDATA[fx_Bloom_New.jpg]]></dc:title>
    <dc:description urlencoding="UTF-8"/>
    <dc:creator urlencoding="UTF-8"/>
    <dc:contributor urlencoding="UTF-8">None</dc:contributor>
    <dc:source urlencoding="UTF-8">None</dc:source>
    <dc:relation urlencoding="UTF-8">None</dc:relation>
    <dc:rights>yes</dc:rights>
    <dc:coverage urlencoding="UTF-8"/>
    <dc:subject/>
    <dc:format>HTML / XHTML</dc:format>
    <dc:type>Tutorial</dc:type>
    <dc:audience>Unspecified</dc:audience>
    <dc:license>Unspecified</dc:license>
    <dc:publisher urlencoding="UTF-8">SoftChalk</dc:publisher>
    <version urlencoding="UTF-8">1.0</version>
    <Cost Currency="USD" urlencoding="UTF-8">None</Cost>
    <SubTitle urlencoding="UTF-8"/>
    <SingleTry/>
    <TotalPoints/>
    <SchoolName urlencoding="UTF-8"/>
    <Language urlencoding="UTF-8"/>
    <NumberOfPages/>
    <MainFileName/>
    <CreatorFirstName urlencoding="UTF-8"/>
    <CreatorLastName urlencoding="UTF-8"/>
    <CreatorOrganization urlencoding="UTF-8"/>
    <CreatorEmail urlencoding="UTF-8"/>
    <Subjects/>
    <Levels/>
    <ImagesPresent>false</ImagesPresent>
    <ImageEquivalents>false</ImageEquivalents>
    <ImageEquivalentsPresentation>Unspecified</ImageEquivalentsPresentation>
    <StructuralElements/>
    <FlashingPresent>false</FlashingPresent>
    <FlashingSlow>false</FlashingSlow>
    <FlashingDisablable>false</FlashingDisablable>
    <MultimediaPresent>false</MultimediaPresent>
    <MultimediaFormats/>
    <MultimediaAlternatives/>
    <MultimediaComment urlencoding="UTF-8"/>
    <TablesPresent>false</TablesPresent>
    <TablesPresentation>Unspecified</TablesPresentation>
    <TableRowsColumnsIdentified>false</TableRowsColumnsIdentified>
    <ColorUsedForInformation>false</ColorUsedForInformation>
    <ColorAlternativesPresent>false</ColorAlternativesPresent>
    <TextContrast>Good</TextContrast>
    <TextModifiables/>
    <CommericalAlternative>false</CommericalAlternative>
    <CommericalAlternativeObjects>false</CommericalAlternativeObjects>
    <CommericalAlternativeReadingOrder>false</CommericalAlternativeReadingOrder>
    <FramesPresent>true</FramesPresent>
    <FormsPresent>false</FormsPresent>
    <ImageMapsPresent>false</ImageMapsPresent>
    <TimedResponseUsed>false</TimedResponseUsed>
    <Hazards>
        <Hazard>None</Hazard>
    </Hazards>
    <SupportTools>
        <SupportTool>None</SupportTool>
    </SupportTools>
    <StandardsSupport>
        <WCAGLevel>WCAG1A</WCAGLevel>
        <LegislationSupport>
            <Legislation>US (Section 508)</Legislation>
        </LegislationSupport>
        <StandardsComment urlencoding="UTF-8"/>
    </StandardsSupport>
</metadata>
  </inlineobject>
  <inlineobject>
    <id>inlinemedia2</id>
<metadata xmlns:csmd="http://www.imsglobal.org/profile/cc/ccv1p2/ccv1p2_imscsmd_v1p0.xsd" xmlns:dc="http://dublincore.org/documents/dces/">
    <dc:title urlencoding="UTF-8"><![CDATA[fx_Bloom_New.jpg]]></dc:title>
    <dc:description urlencoding="UTF-8"/>
    <dc:creator urlencoding="UTF-8"/>
    <dc:contributor urlencoding="UTF-8">None</dc:contributor>
    <dc:source urlencoding="UTF-8">None</dc:source>
    <dc:relation urlencoding="UTF-8">None</dc:relation>
    <dc:rights>yes</dc:rights>
    <dc:coverage urlencoding="UTF-8"/>
    <dc:subject/>
    <dc:format>HTML / XHTML</dc:format>
    <dc:type>Tutorial</dc:type>
    <dc:audience>Unspecified</dc:audience>
    <dc:license>Unspecified</dc:license>
    <dc:publisher urlencoding="UTF-8">SoftChalk</dc:publisher>
    <version urlencoding="UTF-8">1.0</version>
    <Cost Currency="USD" urlencoding="UTF-8">None</Cost>
    <SubTitle urlencoding="UTF-8"/>
    <SingleTry/>
    <TotalPoints/>
    <SchoolName urlencoding="UTF-8"/>
    <Language urlencoding="UTF-8"/>
    <NumberOfPages/>
    <MainFileName/>
    <CreatorFirstName urlencoding="UTF-8"/>
    <CreatorLastName urlencoding="UTF-8"/>
    <CreatorOrganization urlencoding="UTF-8"/>
    <CreatorEmail urlencoding="UTF-8"/>
    <Subjects/>
    <Levels/>
    <ImagesPresent>false</ImagesPresent>
    <ImageEquivalents>false</ImageEquivalents>
    <ImageEquivalentsPresentation>Unspecified</ImageEquivalentsPresentation>
    <StructuralElements/>
    <FlashingPresent>false</FlashingPresent>
    <FlashingSlow>false</FlashingSlow>
    <FlashingDisablable>false</FlashingDisablable>
    <MultimediaPresent>false</MultimediaPresent>
    <MultimediaFormats/>
    <MultimediaAlternatives/>
    <MultimediaComment urlencoding="UTF-8"/>
    <TablesPresent>false</TablesPresent>
    <TablesPresentation>Unspecified</TablesPresentation>
    <TableRowsColumnsIdentified>false</TableRowsColumnsIdentified>
    <ColorUsedForInformation>false</ColorUsedForInformation>
    <ColorAlternativesPresent>false</ColorAlternativesPresent>
    <TextContrast>Good</TextContrast>
    <TextModifiables/>
    <CommericalAlternative>false</CommericalAlternative>
    <CommericalAlternativeObjects>false</CommericalAlternativeObjects>
    <CommericalAlternativeReadingOrder>false</CommericalAlternativeReadingOrder>
    <FramesPresent>true</FramesPresent>
    <FormsPresent>false</FormsPresent>
    <ImageMapsPresent>false</ImageMapsPresent>
    <TimedResponseUsed>false</TimedResponseUsed>
    <Hazards>
        <Hazard>None</Hazard>
    </Hazards>
    <SupportTools>
        <SupportTool>None</SupportTool>
    </SupportTools>
    <StandardsSupport>
        <WCAGLevel>WCAG1A</WCAGLevel>
        <LegislationSupport>
            <Legislation>US (Section 508)</Legislation>
        </LegislationSupport>
        <StandardsComment urlencoding="UTF-8"/>
    </StandardsSupport>
</metadata>
  </inlineobject>
  <inlineobject>
    <id>inlinemedia1</id>
<metadata xmlns:csmd="http://www.imsglobal.org/profile/cc/ccv1p2/ccv1p2_imscsmd_v1p0.xsd" xmlns:dc="http://dublincore.org/documents/dces/">
    <dc:title urlencoding="UTF-8"><![CDATA[blooms_pyramid.jpg]]></dc:title>
    <dc:description urlencoding="UTF-8"/>
    <dc:creator urlencoding="UTF-8"/>
    <dc:contributor urlencoding="UTF-8">None</dc:contributor>
    <dc:source urlencoding="UTF-8">None</dc:source>
    <dc:relation urlencoding="UTF-8">None</dc:relation>
    <dc:rights>yes</dc:rights>
    <dc:coverage urlencoding="UTF-8"/>
    <dc:subject/>
    <dc:format>HTML / XHTML</dc:format>
    <dc:type>Tutorial</dc:type>
    <dc:audience>Unspecified</dc:audience>
    <dc:license>Unspecified</dc:license>
    <dc:publisher urlencoding="UTF-8">SoftChalk</dc:publisher>
    <version urlencoding="UTF-8">1.0</version>
    <Cost Currency="USD" urlencoding="UTF-8">None</Cost>
    <SubTitle urlencoding="UTF-8"/>
    <SingleTry/>
    <TotalPoints/>
    <SchoolName urlencoding="UTF-8"/>
    <Language urlencoding="UTF-8"/>
    <NumberOfPages/>
    <MainFileName/>
    <CreatorFirstName urlencoding="UTF-8"/>
    <CreatorLastName urlencoding="UTF-8"/>
    <CreatorOrganization urlencoding="UTF-8"/>
    <CreatorEmail urlencoding="UTF-8"/>
    <Subjects/>
    <Levels/>
    <ImagesPresent>false</ImagesPresent>
    <ImageEquivalents>false</ImageEquivalents>
    <ImageEquivalentsPresentation>Unspecified</ImageEquivalentsPresentation>
    <StructuralElements/>
    <FlashingPresent>false</FlashingPresent>
    <FlashingSlow>false</FlashingSlow>
    <FlashingDisablable>false</FlashingDisablable>
    <MultimediaPresent>false</MultimediaPresent>
    <MultimediaFormats/>
    <MultimediaAlternatives/>
    <MultimediaComment urlencoding="UTF-8"/>
    <TablesPresent>false</TablesPresent>
    <TablesPresentation>Unspecified</TablesPresentation>
    <TableRowsColumnsIdentified>false</TableRowsColumnsIdentified>
    <ColorUsedForInformation>false</ColorUsedForInformation>
    <ColorAlternativesPresent>false</ColorAlternativesPresent>
    <TextContrast>Good</TextContrast>
    <TextModifiables/>
    <CommericalAlternative>false</CommericalAlternative>
    <CommericalAlternativeObjects>false</CommericalAlternativeObjects>
    <CommericalAlternativeReadingOrder>false</CommericalAlternativeReadingOrder>
    <FramesPresent>true</FramesPresent>
    <FormsPresent>false</FormsPresent>
    <ImageMapsPresent>false</ImageMapsPresent>
    <TimedResponseUsed>false</TimedResponseUsed>
    <Hazards>
        <Hazard>None</Hazard>
    </Hazards>
    <SupportTools>
        <SupportTool>None</SupportTool>
    </SupportTools>
    <StandardsSupport>
        <WCAGLevel>WCAG1A</WCAGLevel>
        <LegislationSupport>
            <Legislation>US (Section 508)</Legislation>
        </LegislationSupport>
        <StandardsComment urlencoding="UTF-8"/>
    </StandardsSupport>
</metadata>
  </inlineobject>
</inlinemedia>
<ContentItems xmlns:csmd="http://www.imsglobal.org/profile/cc/ccv1p2/ccv1p2_imscsmd_v1p0.xsd" xmlns:dc="http://dublincore.org/documents/dces/">
    <ContentItem>
        <dc:title urlencoding="UTF-8"><![CDATA[Writing+Objectives]]></dc:title>
        <dc:description urlencoding="UTF-8">Lesson+created+by+SoftChalk+LessonBuilder</dc:description>
        <dc:creator urlencoding="UTF-8"/>
        <dc:contributor urlencoding="UTF-8">None</dc:contributor>
        <dc:source urlencoding="UTF-8">None</dc:source>
        <dc:relation urlencoding="UTF-8">None</dc:relation>
        <dc:rights>yes</dc:rights>
        <dc:coverage urlencoding="UTF-8"/>
        <dc:subject/>
        <keyword urlencoding="UTF-8">Week+3++Learning+Objectives</keyword>
        <dc:format>HTML / XHTML</dc:format>
        <dc:type>Tutorial</dc:type>
        <dc:audience>Unspecified</dc:audience>
        <dc:license>Unspecified</dc:license>
        <dc:publisher urlencoding="UTF-8">SoftChalk</dc:publisher>
        <version urlencoding="UTF-8">1.0</version>
        <Cost Currency="USD" urlencoding="UTF-8">None</Cost>
        <SubTitle urlencoding="UTF-8"/>
        <SingleTry>true</SingleTry>
        <TotalPoints>0</TotalPoints>
        <SchoolName urlencoding="UTF-8"/>
        <Language urlencoding="UTF-8">English</Language>
        <NumberOfPages>7</NumberOfPages>
        <MainFileName>TTLearningObjectives</MainFileName>
        <CreatorFirstName urlencoding="UTF-8"/>
        <CreatorLastName urlencoding="UTF-8"/>
        <CreatorOrganization urlencoding="UTF-8"/>
        <CreatorEmail urlencoding="UTF-8"/>
        <Subjects/>
        <Levels/>
        <ImagesPresent>false</ImagesPresent>
        <ImageEquivalents>false</ImageEquivalents>
        <ImageEquivalentsPresentation>Unspecified</ImageEquivalentsPresentation>
        <StructuralElements/>
        <FlashingPresent>false</FlashingPresent>
        <FlashingSlow>false</FlashingSlow>
        <FlashingDisablable>false</FlashingDisablable>
        <MultimediaPresent>false</MultimediaPresent>
        <MultimediaFormats/>
        <MultimediaAlternatives/>
        <MultimediaComment urlencoding="UTF-8"/>
        <TablesPresent>false</TablesPresent>
        <TablesPresentation>Unspecified</TablesPresentation>
        <TableRowsColumnsIdentified>false</TableRowsColumnsIdentified>
        <ColorUsedForInformation>false</ColorUsedForInformation>
        <ColorAlternativesPresent>false</ColorAlternativesPresent>
        <TextContrast>Good</TextContrast>
        <TextModifiables/>
        <CommericalAlternative>false</CommericalAlternative>
        <CommericalAlternativeObjects>false</CommericalAlternativeObjects>
        <CommericalAlternativeReadingOrder>false</CommericalAlternativeReadingOrder>
        <FramesPresent>true</FramesPresent>
        <FormsPresent>false</FormsPresent>
        <ImageMapsPresent>false</ImageMapsPresent>
        <TimedResponseUsed>false</TimedResponseUsed>
        <Hazards>
            <Hazard>None</Hazard>
        </Hazards>
        <SupportTools>
            <SupportTool>None</SupportTool>
        </SupportTools>
        <StandardsSupport>
            <WCAGLevel>WCAG1A</WCAGLevel>
            <LegislationSupport>
                <Legislation>US (Section 508)</Legislation>
            </LegislationSupport>
            <StandardsComment urlencoding="UTF-8"/>
        </StandardsSupport>
    </ContentItem>
</ContentItems>
</lesson>
