<?xml version="1.0" encoding="UTF-8" standalone="no"?>
<ContentItems xmlns:csmd="http://www.imsglobal.org/profile/cc/ccv1p2/ccv1p2_imscsmd_v1p0.xsd" xmlns:dc="http://dublincore.org/documents/dces/">
    <ContentItem>
        <dc:title><![CDATA[Writing Objectives]]></dc:title>
        <dc:description>Lesson created by SoftChalk LessonBuilder</dc:description>
        <dc:creator/>
        <dc:contributor>None</dc:contributor>
        <dc:source>None</dc:source>
        <dc:relation>None</dc:relation>
        <dc:rights>yes</dc:rights>
        <dc:coverage/>
        <dc:subject/>
        <keyword>Week 3  Learning Objectives</keyword>
        <dc:format>HTML / XHTML</dc:format>
        <dc:type>Tutorial</dc:type>
        <dc:audience>Unspecified</dc:audience>
        <dc:license>Unspecified</dc:license>
        <dc:publisher>SoftChalk</dc:publisher>
        <version>1.0</version>
        <Cost Currency="USD">None</Cost>
        <SubTitle/>
        <SingleTry>true</SingleTry>
        <TotalPoints>0</TotalPoints>
        <SchoolName/>
        <Language>English</Language>
        <NumberOfPages>7</NumberOfPages>
        <MainFileName>TTLearningObjectives</MainFileName>
        <CreatorFirstName/>
        <CreatorLastName/>
        <CreatorOrganization/>
        <CreatorEmail/>
        <Subjects/>
        <Levels/>
        <ImagesPresent>false</ImagesPresent>
        <ImageEquivalents>false</ImageEquivalents>
        <ImageEquivalentsPresentation>Unspecified</ImageEquivalentsPresentation>
        <StructuralElements/>
        <FlashingPresent>false</FlashingPresent>
        <FlashingSlow>false</FlashingSlow>
        <FlashingDisablable>false</FlashingDisablable>
        <MultimediaPresent>false</MultimediaPresent>
        <MultimediaFormats/>
        <MultimediaAlternatives/>
        <MultimediaComment/>
        <TablesPresent>false</TablesPresent>
        <TablesPresentation>Unspecified</TablesPresentation>
        <TableRowsColumnsIdentified>false</TableRowsColumnsIdentified>
        <ColorUsedForInformation>false</ColorUsedForInformation>
        <ColorAlternativesPresent>false</ColorAlternativesPresent>
        <TextContrast>Good</TextContrast>
        <TextModifiables/>
        <CommericalAlternative>false</CommericalAlternative>
        <CommericalAlternativeObjects>false</CommericalAlternativeObjects>
        <CommericalAlternativeReadingOrder>false</CommericalAlternativeReadingOrder>
        <FramesPresent>true</FramesPresent>
        <FormsPresent>false</FormsPresent>
        <ImageMapsPresent>false</ImageMapsPresent>
        <TimedResponseUsed>false</TimedResponseUsed>
        <Hazards>
            <Hazard>None</Hazard>
        </Hazards>
        <SupportTools>
            <SupportTool>None</SupportTool>
        </SupportTools>
        <StandardsSupport>
            <WCAGLevel>WCAG1A</WCAGLevel>
            <LegislationSupport>
                <Legislation>US (Section 508)</Legislation>
            </LegislationSupport>
            <StandardsComment/>
        </StandardsSupport>
    </ContentItem>
</ContentItems>
