<?xml version="1.0" encoding="utf-8" ?><dwsync><file name="glyphicons-halflings-white.png" server="ftp.robertwall.com//public_html/" local="130132776660000000" remote="130180621800000000" /><file name="glyphicons-halflings.png" server="ftp.robertwall.com//public_html/" local="130132776660000000" remote="130180621800000000" /><file name="worldmap.png" server="ftp.robertwall.com//public_html/" local="130181693464274036" remote="130181657400000000" /><file name="Prof-Telli.gif" server="ftp.robertwall.com//public_html/" local="130179551880000000" remote="130180621800000000" /><file name="sprite.png" server="ftp.robertwall.com//public_html/" local="130179445110000000" remote="130180635000000000" /><file name="BadgeCase.png" server="ftp.robertwall.com//public_html/" local="130182079819862311" remote="130182043800000000" /><file name="Badges.png" server="ftp.robertwall.com//public_html/" local="130182097886385657" remote="130182061800000000" /><file name="road-hor.png" server="ftp.robertwall.com//public_html/" local="130181718347777291" remote="130181682000000000" /><file name="road-vert.png" server="ftp.robertwall.com//public_html/" local="130181777062525582" remote="130181740800000000" /><file name="road-spot.png" server="ftp.robertwall.com//public_html/" local="130181695430000000" remote="130181679600000000" /><file name="bg-patterh.png" server="ftp.robertwall.com//public_html/" local="130181800950000000" remote="130181774400000000" /><file name="diagonal.png" server="ftp.robertwall.com//public_html/" local="130181798410000000" remote="130181774400000000" /><file name="Layer-6-copy.png" server="ftp.robertwall.com//public_html/" local="130181807830000000" remote="130181774400000000" /><file name="Layer-8.png" server="ftp.robertwall.com//public_html/" local="130181807740000000" remote="130181774400000000" /><file name="Layer-6.png" server="ftp.robertwall.com//public_html/" local="130181807690000000" remote="130181774400000000" /><file name="Layer-9.png" server="ftp.robertwall.com//public_html/" local="130181807780000000" remote="130181774400000000" /><file name="Maps.png" server="ftp.robertwall.com//public_html/" local="130181717840000000" remote="130181774400000000" /><file name="roadHor1.png" server="ftp.robertwall.com//public_html/" local="130181808260000000" remote="130181774400000000" /><file name="roadHor2.png" server="ftp.robertwall.com//public_html/" local="130181808230000000" remote="130181774400000000" /><file name="roadHor3-copy-2.png" server="ftp.robertwall.com//public_html/" local="130181808170000000" remote="130181774400000000" /><file name="roadHor3-copy-3.png" server="ftp.robertwall.com//public_html/" local="130181808000000000" remote="130181774400000000" /><file name="roadHor3-copy-4.png" server="ftp.robertwall.com//public_html/" local="130181808100000000" remote="130181774400000000" /><file name="roadHor3-copy-5.png" server="ftp.robertwall.com//public_html/" local="130181808070000000" remote="130181774400000000" /><file name="roadHor3-copy-6.png" server="ftp.robertwall.com//public_html/" local="130181808140000000" remote="130181774400000000" /><file name="roadHor3-copy.png" server="ftp.robertwall.com//public_html/" local="130181808040000000" remote="130181774400000000" /><file name="roadHor3.png" server="ftp.robertwall.com//public_html/" local="130181808200000000" remote="130181774400000000" /><file name="roadVert1.png" server="ftp.robertwall.com//public_html/" local="130181807980000000" remote="130181774400000000" /><file name="roadVert2.png" server="ftp.robertwall.com//public_html/" local="130181807940000000" remote="130181774400000000" /><file name="roadVert3.png" server="ftp.robertwall.com//public_html/" local="130181807910000000" remote="130181774400000000" /><file name="roadVert4.png" server="ftp.robertwall.com//public_html/" local="130181807850000000" remote="130181774400000000" /><file name="roadVert5.png" server="ftp.robertwall.com//public_html/" local="130181807880000000" remote="130181774400000000" /><file name="round (2).png" server="ftp.robertwall.com//public_html/" local="130181807650000000" remote="130181774400000000" /><file name="round.png" server="ftp.robertwall.com//public_html/" local="130181790000000000" remote="130181774400000000" /><file name="round1.png" server="ftp.robertwall.com//public_html/" local="130181808330000000" remote="130181774400000000" /><file name="round2.png" server="ftp.robertwall.com//public_html/" local="130181808480000000" remote="130181774400000000" /><file name="round3.png" server="ftp.robertwall.com//public_html/" local="130181808440000000" remote="130181774400000000" /><file name="round4.png" server="ftp.robertwall.com//public_html/" local="130181808400000000" remote="130181774400000000" /><file name="round5.png" server="ftp.robertwall.com//public_html/" local="130181808370000000" remote="130181774400000000" /><file name="round6.png" server="ftp.robertwall.com//public_html/" local="130181808300000000" remote="130181774400000000" /><file name="blue-medals.png" server="ftp.robertwall.com//public_html/" local="130182107256791614" remote="130182070800000000" /><file name="bronze-medals.png" server="ftp.robertwall.com//public_html/" local="130182107196978193" remote="130182070800000000" /><file name="purple-medals.png" server="ftp.robertwall.com//public_html/" local="130182107140274949" remote="130182070800000000" /><file name="red-medals.png" server="ftp.robertwall.com//public_html/" local="130182107085281804" remote="130182070800000000" /><file name="profile.png" server="ftp.robertwall.com//public_html/" local="130182115720000000" remote="130182080400000000" /><file name="visit.png" server="ftp.robertwall.com//public_html/" local="130182152510000000" remote="130182117000000000" /><file name="roadVert10.png" server="ftp.robertwall.com//public_html/" local="3456790674" remote="16341685428" /></dwsync>