<?xml version="1.0" encoding="utf-8"?>
<competency_objects xmlns:xsi="http://www.w3.org/2001/XMLSchema-instance" xmlns:xsd="http://www.w3.org/2001/XMLSchema">
  <CompetencyObject xsi:type="Competency" id="1635">
    <name>Creating Objectives</name>
    <description><![CDATA[]]></description>
    <description_is_html>true</description_is_html>
    <additional_identifier />
    <cross_ou_eval_methodid>1</cross_ou_eval_methodid>
    <status>Draft</status>
    <is_visible>false</is_visible>
    <reevaluate_achieved>true</reevaluate_achieved>
    <children>
      <CompetencyObject xsi:type="Objective" id="1636">
        <name>Explain the meaning of each level of Bloom's Revised Taxonomy</name>
        <description><![CDATA[]]></description>
        <description_is_html>true</description_is_html>
        <additional_identifier />
        <cross_ou_eval_methodid>2</cross_ou_eval_methodid>
        <ready_for_evaluation>true</ready_for_evaluation>
        <enforce_evaluation_method>0</enforce_evaluation_method>
        <children />
      </CompetencyObject>
      <CompetencyObject xsi:type="Objective" id="1637">
        <name>List at least 3 verbs pertaining to each level of Bloom's Revised Taxonomy.</name>
        <description><![CDATA[]]></description>
        <description_is_html>true</description_is_html>
        <additional_identifier />
        <cross_ou_eval_methodid>2</cross_ou_eval_methodid>
        <ready_for_evaluation>true</ready_for_evaluation>
        <enforce_evaluation_method>0</enforce_evaluation_method>
        <children />
      </CompetencyObject>
      <CompetencyObject xsi:type="Objective" id="1638">
        <name>Create objectives pertaining to a lesson you would present to your class.</name>
        <description><![CDATA[]]></description>
        <description_is_html>true</description_is_html>
        <additional_identifier />
        <cross_ou_eval_methodid>2</cross_ou_eval_methodid>
        <ready_for_evaluation>true</ready_for_evaluation>
        <enforce_evaluation_method>0</enforce_evaluation_method>
        <children />
      </CompetencyObject>
    </children>
  </CompetencyObject>
  <CompetencyObject xsi:type="Competency" id="1639">
    <name>Finding and Applying Technology</name>
    <description><![CDATA[]]></description>
    <description_is_html>true</description_is_html>
    <additional_identifier />
    <cross_ou_eval_methodid>1</cross_ou_eval_methodid>
    <status>Draft</status>
    <is_visible>false</is_visible>
    <reevaluate_achieved>true</reevaluate_achieved>
    <children>
      <CompetencyObject xsi:type="Objective" id="1640">
        <name>Identify 5 technologies to be used by teachers.</name>
        <description><![CDATA[]]></description>
        <description_is_html>true</description_is_html>
        <additional_identifier />
        <cross_ou_eval_methodid>2</cross_ou_eval_methodid>
        <ready_for_evaluation>true</ready_for_evaluation>
        <enforce_evaluation_method>0</enforce_evaluation_method>
        <children />
      </CompetencyObject>
      <CompetencyObject xsi:type="Objective" id="1641">
        <name>Identify 5 technologies to be used by students.</name>
        <description><![CDATA[]]></description>
        <description_is_html>true</description_is_html>
        <additional_identifier />
        <cross_ou_eval_methodid>2</cross_ou_eval_methodid>
        <ready_for_evaluation>true</ready_for_evaluation>
        <enforce_evaluation_method>0</enforce_evaluation_method>
        <children />
      </CompetencyObject>
      <CompetencyObject xsi:type="Objective" id="1642">
        <name>Describe the application of each technology to a potential lesson or activity.</name>
        <description><![CDATA[]]></description>
        <description_is_html>true</description_is_html>
        <additional_identifier />
        <cross_ou_eval_methodid>2</cross_ou_eval_methodid>
        <ready_for_evaluation>true</ready_for_evaluation>
        <enforce_evaluation_method>0</enforce_evaluation_method>
        <children />
      </CompetencyObject>
    </children>
  </CompetencyObject>
  <CompetencyObject xsi:type="Competency" id="1643">
    <name>Creating an Individual Identification Plan</name>
    <description><![CDATA[]]></description>
    <description_is_html>true</description_is_html>
    <additional_identifier />
    <cross_ou_eval_methodid>1</cross_ou_eval_methodid>
    <status>Draft</status>
    <is_visible>false</is_visible>
    <reevaluate_achieved>true</reevaluate_achieved>
    <children>
      <CompetencyObject xsi:type="Objective" id="1644">
        <name>Apply a teacher and student technology to each objective created earlier.</name>
        <description><![CDATA[]]></description>
        <description_is_html>true</description_is_html>
        <additional_identifier />
        <cross_ou_eval_methodid>2</cross_ou_eval_methodid>
        <ready_for_evaluation>true</ready_for_evaluation>
        <enforce_evaluation_method>0</enforce_evaluation_method>
        <children />
      </CompetencyObject>
      <CompetencyObject xsi:type="Objective" id="1645">
        <name>Explain how each technology relates to each objective.</name>
        <description><![CDATA[]]></description>
        <description_is_html>true</description_is_html>
        <additional_identifier />
        <cross_ou_eval_methodid>2</cross_ou_eval_methodid>
        <ready_for_evaluation>true</ready_for_evaluation>
        <enforce_evaluation_method>0</enforce_evaluation_method>
        <children />
      </CompetencyObject>
      <CompetencyObject xsi:type="Objective" id="1646">
        <name>Create a presentation explaining your Individual Identification Plan to the class.</name>
        <description><![CDATA[]]></description>
        <description_is_html>true</description_is_html>
        <additional_identifier />
        <cross_ou_eval_methodid>2</cross_ou_eval_methodid>
        <ready_for_evaluation>true</ready_for_evaluation>
        <enforce_evaluation_method>0</enforce_evaluation_method>
        <children />
      </CompetencyObject>
    </children>
  </CompetencyObject>
</competency_objects>