﻿<discussion><forum id="46"><properties><allow_anon>False</allow_anon><display_order>4</display_order><is_hidden>False</is_hidden><requires_approval>False</requires_approval><is_locked>False</is_locked></properties><content><title>Technologies</title></content><topics><topic id="47" resource_code="UCO-491678"><properties><allow_anon>False</allow_anon><display_order>1</display_order><is_hidden>False</is_hidden><requires_approval>False</requires_approval><must_post_to_participate>False</must_post_to_participate><is_locked>False</is_locked><score_out_of>25</score_out_of><is_auto_score>False</is_auto_score><grade_item_id>UCO-491713</grade_item_id><include_nonscored_values>False</include_nonscored_values></properties><content><title>Teacher Technologies</title><description>&lt;p&gt;Find 5 technologies that teachers can use in the classroom. Explain how you would use it. No technologies may be repeated so if someone has already posted it, find another. Hint: the earlier you post, the easier it will be to find technologies. Technologies can be posted on both the Teacher Technologies board and the Student Technologies board.&lt;/p&gt;
&lt;p&gt;Also, please post your technologies to the &lt;a href="http://ucotechforteachers.pbworks.com/" target="_blank"&gt;course wiki&lt;/a&gt;&amp;nbsp;to build a repository for the whole class.&lt;/p&gt;</description></content></topic><topic id="48" resource_code="UCO-491679"><properties><allow_anon>False</allow_anon><display_order>2</display_order><is_hidden>False</is_hidden><requires_approval>False</requires_approval><must_post_to_participate>False</must_post_to_participate><is_locked>False</is_locked><score_out_of>25</score_out_of><is_auto_score>False</is_auto_score><grade_item_id>UCO-491714</grade_item_id><include_nonscored_values>False</include_nonscored_values></properties><content><title>Student Technologies</title><description>&lt;p&gt;Find 5 technologies that students can use in the classroom. Explain how you would use it. No technologies may be repeated so if someone has already posted it, find another. Hint: the earlier you post, the easier it will be to find technologies. Technologies can be posted on both the Teacher Technologies board and the Student Technologies board.&lt;/p&gt;
&lt;p&gt;Also, please post your technologies to the&amp;nbsp;&lt;a href="http://ucotechforteachers.pbworks.com/" target="_blank"&gt;course wiki&lt;/a&gt;&amp;nbsp;to build a repository for the whole class.&lt;/p&gt;</description></content></topic></topics></forum></discussion>