﻿<discussion><forum id="39"><properties><allow_anon>False</allow_anon><display_order>2</display_order><is_hidden>False</is_hidden><requires_approval>False</requires_approval><is_locked>False</is_locked></properties><content><title>Marketplace</title></content><topics><topic id="40"><properties><allow_anon>False</allow_anon><display_order>1</display_order><is_hidden>False</is_hidden><requires_approval>False</requires_approval><must_post_to_participate>False</must_post_to_participate><is_locked>False</is_locked><is_auto_score>False</is_auto_score><include_nonscored_values>False</include_nonscored_values></properties><content><title>Marketplace</title><description>&lt;p&gt;Trade your knowledge for points!&lt;/p&gt;
&lt;p&gt;For those needing information, post "Need information on _____" in your subject line. In the post, write a detailed description of the information needed as well as how many points you are willing to trade for it..&lt;/p&gt;
&lt;p&gt;For those of you responding who have the information, reply to their post and either accept the points or make an offer.&amp;nbsp;&lt;/p&gt;
&lt;p&gt;Multiple people may "bid" on providing the information and the student needing the information can choose to accept an offer by replying with "Accept" to the one they choose.&lt;/p&gt;
&lt;p&gt;The information is not to be shared on the discussion, but in an email between the two participants.&lt;/p&gt;
&lt;p&gt;&lt;/p&gt;
&lt;p&gt;Think Ebay but for information.&lt;/p&gt;</description></content></topic></topics></forum></discussion>