﻿<discussion><forum id="41"><properties><allow_anon>False</allow_anon><display_order>3</display_order><is_hidden>False</is_hidden><requires_approval>False</requires_approval><is_locked>False</is_locked></properties><content><title>Quests</title><description>&lt;p&gt;In this forum are Quests 5-8. These are group quests. Each quest is worth &lt;em&gt;up to&lt;/em&gt; 100 bonus points to be split up between the questers as determined &lt;em&gt;by the group&lt;/em&gt; based on the amount of participation by each member.&lt;/p&gt;
&lt;p&gt;You may use these discussions to establish groups and have conversations, but the final product as well as the individual point breakdown should be submitted to the appropriate dropbox.&amp;nbsp;&lt;/p&gt;
&lt;p&gt;There can be multiple groups working on each quest.&lt;/p&gt;
&lt;p&gt;You may work on the quests at any time throughout the semester.&lt;/p&gt;</description></content><topics><topic id="42"><properties><allow_anon>False</allow_anon><display_order>1</display_order><is_hidden>False</is_hidden><requires_approval>False</requires_approval><must_post_to_participate>False</must_post_to_participate><is_locked>False</is_locked><score_out_of>100</score_out_of><is_auto_score>False</is_auto_score><include_nonscored_values>False</include_nonscored_values></properties><content><title>Quest 5</title></content></topic><topic id="43"><properties><allow_anon>False</allow_anon><display_order>2</display_order><is_hidden>False</is_hidden><requires_approval>False</requires_approval><must_post_to_participate>False</must_post_to_participate><is_locked>False</is_locked><score_out_of>100</score_out_of><is_auto_score>False</is_auto_score><include_nonscored_values>False</include_nonscored_values></properties><content><title>Quest 6</title></content></topic><topic id="44"><properties><allow_anon>False</allow_anon><display_order>3</display_order><is_hidden>False</is_hidden><requires_approval>False</requires_approval><must_post_to_participate>False</must_post_to_participate><is_locked>False</is_locked><score_out_of>100</score_out_of><is_auto_score>False</is_auto_score><include_nonscored_values>False</include_nonscored_values></properties><content><title>Quest 7</title></content></topic><topic id="45"><properties><allow_anon>False</allow_anon><display_order>4</display_order><is_hidden>False</is_hidden><requires_approval>False</requires_approval><must_post_to_participate>False</must_post_to_participate><is_locked>False</is_locked><score_out_of>100</score_out_of><is_auto_score>False</is_auto_score><include_nonscored_values>False</include_nonscored_values></properties><content><title>Quest 8</title></content></topic></topics></forum></discussion>