﻿<dropbox><folder name="Individual Identification Plan - Full" id="58" folder_type="2" sort_order="1" out_of="100.000000000" grade_item="UCO-491715" folder_is_retricted="false" files_per_submission="0" submissions="4" resource_code="UCO-491681"><instructions text_type="text/html"><text>&lt;p&gt;Students will develop a list of 10 technologies appropriate for use in their classroom.&lt;/p&gt;
&lt;ul&gt;
&lt;li&gt;5 dedicated to instructor use.&amp;nbsp;&lt;/li&gt;
&lt;li&gt;5 dedicated to student use. &amp;nbsp;&lt;/li&gt;
&lt;li&gt;Students must justify each technology&amp;rsquo;s validity.&amp;nbsp;&lt;/li&gt;
&lt;li&gt;Students relate each technology to objectives.&lt;/li&gt;
&lt;li&gt;Students explain how each technology will be used in a lesson plan.&amp;nbsp;&lt;/li&gt;
&lt;/ul&gt;</text></instructions></folder><folder name="Individual Identification Plan - Objectives" id="59" folder_type="2" sort_order="2" out_of="50.000000000" grade_item="UCO-491716" folder_is_retricted="false" files_per_submission="0" submissions="2" resource_code="UCO-491680"><instructions text_type="text/html"><text>&lt;p&gt;Students relate each technology to objectives and how it will be used in a lesson plan.&lt;/p&gt;
&lt;ul&gt;
&lt;li&gt;Explanation of how each technology relates to an objective and how each would fit into a lesson plan.&lt;/li&gt;
&lt;/ul&gt;</text></instructions></folder><category name="Quests" sort_order="1" id="60"><folder name="Quest 1" id="61" folder_type="2" sort_order="3" out_of="100.000000000" grade_item="UCO-491717" folder_is_retricted="false" files_per_submission="0" submissions="2" /><folder name="Quest 2" id="62" folder_type="2" sort_order="4" out_of="100.000000000" grade_item="UCO-491718" folder_is_retricted="false" files_per_submission="0" submissions="2" /><folder name="Quest 3" id="63" folder_type="2" sort_order="5" out_of="100.000000000" grade_item="UCO-491719" folder_is_retricted="false" files_per_submission="0" submissions="2" /><folder name="Quest 4" id="64" folder_type="2" sort_order="6" out_of="100.000000000" grade_item="UCO-491720" folder_is_retricted="false" files_per_submission="0" submissions="2" /><folder name="Quest 5" id="65" folder_type="2" sort_order="7" out_of="100.000000000" grade_item="UCO-491721" folder_is_retricted="false" files_per_submission="0" submissions="2" /><folder name="Quest 6" id="66" folder_type="2" sort_order="8" out_of="100.000000000" grade_item="UCO-491722" folder_is_retricted="false" files_per_submission="0" submissions="2" /><folder name="Quest 7" id="67" folder_type="2" sort_order="9" out_of="100.000000000" grade_item="UCO-491723" folder_is_retricted="false" files_per_submission="0" submissions="2" /><folder name="Quest 8" id="68" folder_type="2" sort_order="10" out_of="100.000000000" grade_item="UCO-491724" folder_is_retricted="false" files_per_submission="0" submissions="2" /></category></dropbox>