﻿<competency_objects xmlns:xsd="http://www.w3.org/2001/XMLSchema" xmlns:xsi="http://www.w3.org/2001/XMLSchema-instance">
  <CompetencyObject xsi:type="Competency" id="3318">
    <name>Creating Objectives</name>
    <description />
    <description_is_html>true</description_is_html>
    <additional_identifier />
    <cross_ou_eval_methodid>1</cross_ou_eval_methodid>
    <status>Draft</status>
    <is_visible>false</is_visible>
    <reevaluate_achieved>true</reevaluate_achieved>
    <children>
      <CompetencyObject xsi:type="Objective" id="3321">
        <name>Explain the meaning of each level of Bloom's Revised Taxonomy</name>
        <description />
        <description_is_html>true</description_is_html>
        <additional_identifier />
        <cross_ou_eval_methodid>2</cross_ou_eval_methodid>
        <ready_for_evaluation>false</ready_for_evaluation>
        <enforce_evaluation_method>0</enforce_evaluation_method>
        <children />
      </CompetencyObject>
      <CompetencyObject xsi:type="Objective" id="3328">
        <name>List at least 3 verbs pertaining to each level of Bloom's Revised Taxonomy.</name>
        <description />
        <description_is_html>true</description_is_html>
        <additional_identifier />
        <cross_ou_eval_methodid>2</cross_ou_eval_methodid>
        <ready_for_evaluation>false</ready_for_evaluation>
        <enforce_evaluation_method>0</enforce_evaluation_method>
        <children />
      </CompetencyObject>
      <CompetencyObject xsi:type="Objective" id="3329">
        <name>Create objectives pertaining to a lesson you would present to your class.</name>
        <description />
        <description_is_html>true</description_is_html>
        <additional_identifier />
        <cross_ou_eval_methodid>2</cross_ou_eval_methodid>
        <ready_for_evaluation>false</ready_for_evaluation>
        <enforce_evaluation_method>0</enforce_evaluation_method>
        <children />
      </CompetencyObject>
    </children>
  </CompetencyObject>
  <CompetencyObject xsi:type="Competency" id="3319">
    <name>Finding and Applying Technology</name>
    <description />
    <description_is_html>true</description_is_html>
    <additional_identifier />
    <cross_ou_eval_methodid>1</cross_ou_eval_methodid>
    <status>Draft</status>
    <is_visible>false</is_visible>
    <reevaluate_achieved>true</reevaluate_achieved>
    <children>
      <CompetencyObject xsi:type="Objective" id="3401">
        <name>Identify 5 technologies to be used by teachers.</name>
        <description />
        <description_is_html>true</description_is_html>
        <additional_identifier />
        <cross_ou_eval_methodid>2</cross_ou_eval_methodid>
        <ready_for_evaluation>true</ready_for_evaluation>
        <enforce_evaluation_method>0</enforce_evaluation_method>
        <children />
      </CompetencyObject>
      <CompetencyObject xsi:type="Objective" id="3402">
        <name>Identify 5 technologies to be used by students.</name>
        <description />
        <description_is_html>true</description_is_html>
        <additional_identifier />
        <cross_ou_eval_methodid>2</cross_ou_eval_methodid>
        <ready_for_evaluation>false</ready_for_evaluation>
        <enforce_evaluation_method>0</enforce_evaluation_method>
        <children />
      </CompetencyObject>
      <CompetencyObject xsi:type="Objective" id="3403">
        <name>Describe the application of each technology to a potential lesson or activity.</name>
        <description />
        <description_is_html>true</description_is_html>
        <additional_identifier />
        <cross_ou_eval_methodid>2</cross_ou_eval_methodid>
        <ready_for_evaluation>false</ready_for_evaluation>
        <enforce_evaluation_method>0</enforce_evaluation_method>
        <children />
      </CompetencyObject>
    </children>
  </CompetencyObject>
  <CompetencyObject xsi:type="Competency" id="3320">
    <name>Creating an Individual Identification Plan</name>
    <description />
    <description_is_html>true</description_is_html>
    <additional_identifier />
    <cross_ou_eval_methodid>1</cross_ou_eval_methodid>
    <status>Draft</status>
    <is_visible>false</is_visible>
    <reevaluate_achieved>true</reevaluate_achieved>
    <children>
      <CompetencyObject xsi:type="Objective" id="3404">
        <name>Apply a teacher and student technology to each objective created earlier.</name>
        <description />
        <description_is_html>true</description_is_html>
        <additional_identifier />
        <cross_ou_eval_methodid>2</cross_ou_eval_methodid>
        <ready_for_evaluation>false</ready_for_evaluation>
        <enforce_evaluation_method>0</enforce_evaluation_method>
        <children />
      </CompetencyObject>
      <CompetencyObject xsi:type="Objective" id="3405">
        <name>Explain how each technology relates to each objective.</name>
        <description />
        <description_is_html>true</description_is_html>
        <additional_identifier />
        <cross_ou_eval_methodid>2</cross_ou_eval_methodid>
        <ready_for_evaluation>false</ready_for_evaluation>
        <enforce_evaluation_method>0</enforce_evaluation_method>
        <children />
      </CompetencyObject>
      <CompetencyObject xsi:type="Objective" id="3406">
        <name>Create a presentation explaining your Individual Identification Plan to the class.</name>
        <description />
        <description_is_html>true</description_is_html>
        <additional_identifier />
        <cross_ou_eval_methodid>2</cross_ou_eval_methodid>
        <ready_for_evaluation>false</ready_for_evaluation>
        <enforce_evaluation_method>0</enforce_evaluation_method>
        <children />
      </CompetencyObject>
    </children>
  </CompetencyObject>
</competency_objects>