﻿<grades><schemes><scheme identifier="41" name="Letter Grade Scheme" short_name="" is_valid="True"><range percent_start="0" symbol="F" color_id="1" /><range percent_start="60" symbol="D" color_id="1" /><range percent_start="70" symbol="C" color_id="1" /><range percent_start="80" symbol="B" color_id="1" /><range percent_start="90" symbol="A" color_id="1" /></scheme><scheme identifier="42" name="Course Grade" short_name="" is_valid="True" /><scheme identifier="43" name="default" short_name="" is_valid="True"><range percent_start="100" symbol="A+" color_id="1" /><range percent_start="90" symbol="A" color_id="1" /><range percent_start="80" symbol="B" color_id="1" /><range percent_start="70" symbol="C" color_id="1" /><range percent_start="60" symbol="D" color_id="1" /><range percent_start="50" symbol="E" color_id="1" /><range percent_start="0" symbol="F" color_id="1" /></scheme></schemes><configuration><auto_update_final_grade>1</auto_update_final_grade><grading_system>0</grading_system><include_empty_grades_in_final>True</include_empty_grades_in_final><default_scheme>0</default_scheme><show_user_name>0</show_user_name><show_user_email>0</show_user_email></configuration><categories><category id="108" identifier="290"><name>Individual Identification Plan</name><short_name>IIP</short_name><sort_order>3</sort_order><show_average>False</show_average><show_distribution>False</show_distribution><description text_type="text/html" is_displayed="False" /><is_active>True</is_active><scoring><weight>10</weight><can_exceed_weight>False</can_exceed_weight><WeightDistributionType>0</WeightDistributionType><is_auto_pointed>False</is_auto_pointed><high_non_bonus_drop>0</high_non_bonus_drop><low_non_bonus_drop>0</low_non_bonus_drop><max_item_points>10</max_item_points></scoring></category><category id="109" identifier="291"><name>Quests</name><short_name /><sort_order>14</sort_order><show_average>False</show_average><show_distribution>False</show_distribution><description text_type="text/html" is_displayed="False" /><is_active>True</is_active><scoring><weight>10</weight><can_exceed_weight>False</can_exceed_weight><WeightDistributionType>0</WeightDistributionType><is_auto_pointed>False</is_auto_pointed><high_non_bonus_drop>0</high_non_bonus_drop><low_non_bonus_drop>0</low_non_bonus_drop><max_item_points>10</max_item_points></scoring></category></categories><items><item id="110" identifier="96" resource_code="My_Fusion-744"><name>badger</name><short_name /><sort_order>1</sort_order><show_average>True</show_average><show_distribution>True</show_distribution><description text_type="text/html" is_displayed="False" /><type_id>1</type_id><is_active>True</is_active><disp_out_of>True</disp_out_of><disp_symbol>True</disp_symbol><disp_colour>True</disp_colour><scoring><can_exceed_weight>False</can_exceed_weight><out_of>10</out_of><is_bonus>False</is_bonus><max_grade>10</max_grade></scoring></item><item id="111" identifier="103"><name>Fire</name><short_name>fire</short_name><sort_order>2</sort_order><show_average>True</show_average><show_distribution>True</show_distribution><description text_type="text/html" is_displayed="False">&lt;p&gt;hello&lt;/p&gt;</description><type_id>1</type_id><is_active>True</is_active><disp_out_of>True</disp_out_of><disp_symbol>True</disp_symbol><disp_colour>True</disp_colour><scoring><can_exceed_weight>False</can_exceed_weight><out_of>10</out_of><is_bonus>False</is_bonus><max_grade>10</max_grade></scoring></item><item id="112" identifier="292" resource_code="UCO-491715"><category_id>290</category_id><name>Individual Identification Plan - Full</name><short_name>IIP-F</short_name><sort_order>4</sort_order><show_average>False</show_average><show_distribution>False</show_distribution><description text_type="text/html" is_displayed="False" /><type_id>1</type_id><is_active>True</is_active><scoring><can_exceed_weight>False</can_exceed_weight><out_of>100</out_of><is_bonus>False</is_bonus><max_grade>10</max_grade></scoring></item><item id="113" identifier="293" resource_code="UCO-491716"><category_id>290</category_id><name>Individual Identification Plan - Objectives</name><short_name>IIP-O</short_name><sort_order>5</sort_order><show_average>False</show_average><show_distribution>False</show_distribution><description text_type="text/html" is_displayed="False" /><type_id>1</type_id><is_active>True</is_active><scoring><can_exceed_weight>False</can_exceed_weight><out_of>50</out_of><is_bonus>False</is_bonus><max_grade>10</max_grade></scoring></item><item id="114" identifier="294" resource_code="UCO-491707"><category_id>290</category_id><name>Individual Identification Plan - Objectives Pretest</name><short_name>IIP - O PT</short_name><sort_order>6</sort_order><show_average>False</show_average><show_distribution>False</show_distribution><description text_type="text/html" is_displayed="False" /><type_id>1</type_id><is_active>True</is_active><scoring><can_exceed_weight>False</can_exceed_weight><out_of>20</out_of><is_bonus>False</is_bonus><max_grade>10</max_grade></scoring></item><item id="115" identifier="295" resource_code="UCO-491713"><category_id>290</category_id><name>Individual Identification Plan - Teacher Technologies</name><short_name>IIP - TT</short_name><sort_order>7</sort_order><show_average>False</show_average><show_distribution>False</show_distribution><description text_type="text/html" is_displayed="False" /><type_id>1</type_id><is_active>True</is_active><scoring><can_exceed_weight>True</can_exceed_weight><out_of>25</out_of><is_bonus>False</is_bonus><max_grade>10</max_grade></scoring></item><item id="116" identifier="296" resource_code="UCO-491714"><category_id>290</category_id><name>Individual Identification Plan - Student Technologies</name><short_name>IIP - ST</short_name><sort_order>8</sort_order><show_average>False</show_average><show_distribution>False</show_distribution><description text_type="text/html" is_displayed="False" /><type_id>1</type_id><is_active>True</is_active><scoring><can_exceed_weight>True</can_exceed_weight><out_of>25</out_of><is_bonus>False</is_bonus><max_grade>10</max_grade></scoring></item><item id="117" identifier="297" resource_code="UCO-491708"><category_id>290</category_id><name>Individual Identification Plan - Technologies Pretest</name><short_name>IIP - TPT</short_name><sort_order>9</sort_order><show_average>False</show_average><show_distribution>False</show_distribution><description text_type="text/html" is_displayed="False" /><type_id>1</type_id><is_active>True</is_active><scoring><can_exceed_weight>False</can_exceed_weight><out_of>20</out_of><is_bonus>False</is_bonus><max_grade>10</max_grade></scoring></item><item id="118" identifier="298" resource_code="UCO-491709"><category_id>290</category_id><name>Individual Identification Plan - Full Pretest</name><short_name>IIP - FPT</short_name><sort_order>10</sort_order><show_average>False</show_average><show_distribution>False</show_distribution><description text_type="text/html" is_displayed="False" /><type_id>1</type_id><is_active>True</is_active><scoring><can_exceed_weight>False</can_exceed_weight><out_of>20</out_of><is_bonus>False</is_bonus><max_grade>10</max_grade></scoring></item><item id="119" identifier="299" resource_code="UCO-491711"><category_id>290</category_id><name>Individual Identification Plan - Technologies Post Test</name><short_name>IIP - T Post T</short_name><sort_order>11</sort_order><show_average>False</show_average><show_distribution>False</show_distribution><description text_type="text/html" is_displayed="False" /><type_id>1</type_id><is_active>True</is_active><scoring><can_exceed_weight>False</can_exceed_weight><out_of>20</out_of><is_bonus>True</is_bonus><max_grade>10</max_grade></scoring></item><item id="120" identifier="300" resource_code="UCO-491712"><category_id>290</category_id><name>Individual Identification Plan - Full Post Test</name><short_name>IIP - F Post T</short_name><sort_order>12</sort_order><show_average>False</show_average><show_distribution>False</show_distribution><description text_type="text/html" is_displayed="False" /><type_id>1</type_id><is_active>True</is_active><scoring><can_exceed_weight>False</can_exceed_weight><out_of>20</out_of><is_bonus>True</is_bonus><max_grade>10</max_grade></scoring></item><item id="121" identifier="301" resource_code="UCO-491710"><category_id>290</category_id><name>Individual Identification Plan - Objectives Post Test </name><short_name>IIP - OPostT</short_name><sort_order>13</sort_order><show_average>False</show_average><show_distribution>False</show_distribution><description text_type="text/html" is_displayed="False" /><type_id>1</type_id><is_active>True</is_active><scoring><can_exceed_weight>False</can_exceed_weight><out_of>20</out_of><is_bonus>True</is_bonus><max_grade>10</max_grade></scoring></item><item id="122" identifier="302" resource_code="UCO-491717"><category_id>291</category_id><name>Quest 1</name><short_name>Q1</short_name><sort_order>15</sort_order><show_average>False</show_average><show_distribution>False</show_distribution><description text_type="text/html" is_displayed="False" /><type_id>1</type_id><is_active>True</is_active><scoring><can_exceed_weight>False</can_exceed_weight><out_of>100</out_of><is_bonus>True</is_bonus><max_grade>10</max_grade></scoring></item><item id="123" identifier="303" resource_code="UCO-491718"><category_id>291</category_id><name>Quest 2</name><short_name>Q2</short_name><sort_order>16</sort_order><show_average>False</show_average><show_distribution>False</show_distribution><description text_type="text/html" is_displayed="False" /><type_id>1</type_id><is_active>True</is_active><scoring><can_exceed_weight>False</can_exceed_weight><out_of>100</out_of><is_bonus>True</is_bonus><max_grade>10</max_grade></scoring></item><item id="124" identifier="304" resource_code="UCO-491719"><category_id>291</category_id><name>Quest 3</name><short_name>Q3</short_name><sort_order>17</sort_order><show_average>False</show_average><show_distribution>False</show_distribution><description text_type="text/html" is_displayed="False" /><type_id>1</type_id><is_active>True</is_active><scoring><can_exceed_weight>False</can_exceed_weight><out_of>100</out_of><is_bonus>True</is_bonus><max_grade>10</max_grade></scoring></item><item id="125" identifier="305" resource_code="UCO-491720"><category_id>291</category_id><name>Quest 4</name><short_name>Q4</short_name><sort_order>18</sort_order><show_average>False</show_average><show_distribution>False</show_distribution><description text_type="text/html" is_displayed="False" /><type_id>1</type_id><is_active>True</is_active><scoring><can_exceed_weight>False</can_exceed_weight><out_of>100</out_of><is_bonus>True</is_bonus><max_grade>10</max_grade></scoring></item><item id="126" identifier="306" resource_code="UCO-491721"><category_id>291</category_id><name>Quest 5</name><short_name>Q5</short_name><sort_order>19</sort_order><show_average>False</show_average><show_distribution>False</show_distribution><description text_type="text/html" is_displayed="False" /><type_id>1</type_id><is_active>True</is_active><scoring><can_exceed_weight>False</can_exceed_weight><out_of>100</out_of><is_bonus>True</is_bonus><max_grade>10</max_grade></scoring></item><item id="127" identifier="307" resource_code="UCO-491722"><category_id>291</category_id><name>Quest 6</name><short_name>Q6</short_name><sort_order>20</sort_order><show_average>False</show_average><show_distribution>False</show_distribution><description text_type="text/html" is_displayed="False" /><type_id>1</type_id><is_active>True</is_active><scoring><can_exceed_weight>False</can_exceed_weight><out_of>100</out_of><is_bonus>True</is_bonus><max_grade>10</max_grade></scoring></item><item id="128" identifier="308" resource_code="UCO-491723"><category_id>291</category_id><name>Quest 7</name><short_name>Q7</short_name><sort_order>21</sort_order><show_average>False</show_average><show_distribution>False</show_distribution><description text_type="text/html" is_displayed="False" /><type_id>1</type_id><is_active>True</is_active><scoring><can_exceed_weight>False</can_exceed_weight><out_of>100</out_of><is_bonus>True</is_bonus><max_grade>10</max_grade></scoring></item><item id="129" identifier="309" resource_code="UCO-491724"><category_id>291</category_id><name>Quest 8</name><short_name>Q8</short_name><sort_order>22</sort_order><show_average>False</show_average><show_distribution>False</show_distribution><description text_type="text/html" is_displayed="False" /><type_id>1</type_id><is_active>True</is_active><scoring><can_exceed_weight>False</can_exceed_weight><out_of>100</out_of><is_bonus>True</is_bonus><max_grade>10</max_grade></scoring></item><item id="130" identifier="310" resource_code="GradesImport-144923"><name>Marketplace</name><short_name>MP</short_name><sort_order>23</sort_order><show_average>False</show_average><show_distribution>False</show_distribution><description text_type="text/html" is_displayed="False" /><type_id>1</type_id><is_active>True</is_active><scoring><can_exceed_weight>True</can_exceed_weight><out_of>1000</out_of><is_bonus>True</is_bonus><max_grade>10</max_grade></scoring></item><item id="131" identifier="941"><name>PreAndPostTest</name><short_name>PTPT</short_name><sort_order>24</sort_order><show_average>False</show_average><show_distribution>False</show_distribution><description text_type="text/html" is_displayed="False" /><type_id>6</type_id><is_active>True</is_active><scoring><can_exceed_weight>True</can_exceed_weight><out_of>40</out_of><is_bonus>False</is_bonus><max_grade>10</max_grade></scoring></item></items></grades>