﻿<?xml version="1.0" encoding="UTF-8"?>
<manifest identifier="D2L_7400" xmlns:d2l_2p0="http://desire2learn.com/xsd/d2lcp_v2p0" xmlns:scorm_1p2="http://www.adlnet.org/xsd/adlcp_rootv1p2" xmlns="http://www.imsglobal.org/xsd/imscp_v1p1">
    <organizations default="d2l_orgs">
        <organization identifier="d2l_org">
            <item identifier="744" identifierref="RES_CONTENT_744" d2l_2p0:id="1" description="" completion_type="2">
                <title>Orientation</title>
                <item identifier="748" identifierref="RES_CONTENT_748" d2l_2p0:id="2" description="" completion_type="2">
                    <title>Welcome</title>
                </item>
                <item identifier="750" identifierref="RES_CONTENT_750" d2l_2p0:id="3" description="" completion_type="2">
                    <title>Gamification</title>
                </item>
                <item identifier="753" identifierref="RES_CONTENT_753" d2l_2p0:id="4" description="" completion_type="2">
                    <title>The Journey</title>
                </item>
            </item>
            <item identifier="758" identifierref="RES_CONTENT_758" d2l_2p0:id="5" d2l_2p0:resource_code="UCO-253681" description="" completion_type="2">
                <title>Course Overview</title>
                <item identifier="759" identifierref="RES_CONTENT_759" d2l_2p0:id="6" isvisible="False" description="" completion_type="2">
                    <title>Letter of Intent - Instructors</title>
                </item>
                <item identifier="760" identifierref="RES_CONTENT_760" d2l_2p0:id="7" description="" completion_type="2">
                    <title>Letter of Intent - Students</title>
                </item>
                <item identifier="761" identifierref="RES_CONTENT_761" d2l_2p0:id="8" description="" completion_type="2">
                    <title>Syllabus</title>
                </item>
                <item identifier="762" identifierref="RES_CONTENT_762" d2l_2p0:id="9" d2l_2p0:resource_code="UCO-253684" description="" completion_type="1">
                    <title>State of Oklahoma PASS Objectives</title>
                </item>
                <item identifier="763" identifierref="RES_CONTENT_763" d2l_2p0:id="10" d2l_2p0:resource_code="UCO-253685" description="" completion_type="1">
                    <title>Common Core Standards</title>
                </item>
            </item>
            <item identifier="764" identifierref="RES_CONTENT_764" d2l_2p0:id="11" description="" completion_type="2">
                <title>Individual Identification Plan</title>
                <item identifier="765" identifierref="RES_CONTENT_765" d2l_2p0:id="12" description="" completion_type="2">
                    <title>Objectives</title>
                    <item identifier="766" identifierref="RES_CONTENT_766" d2l_2p0:id="13" description="" completion_type="2">
                        <title>Overview</title>
                    </item>
                    <item identifier="767" identifierref="RES_CONTENT_767" d2l_2p0:id="14" description="" completion_type="2">
                        <title>Individual Identification Plan - Objectives Pretest</title>
                    </item>
                    <item identifier="768" identifierref="RES_CONTENT_768" d2l_2p0:id="15" description="" completion_type="2">
                        <title>Creating Objectives</title>
                    </item>
                    <item identifier="769" identifierref="RES_CONTENT_769" d2l_2p0:id="16" description="" completion_type="2">
                        <title>Individual Identification Plan - Objectives Post Test </title>
                    </item>
                    <item identifier="770" identifierref="RES_CONTENT_770" d2l_2p0:id="17" description="" completion_type="2">
                        <title>Individual Identification Plan - Objectives</title>
                    </item>
                </item>
                <item identifier="771" identifierref="RES_CONTENT_771" d2l_2p0:id="18" description="" completion_type="2">
                    <title>Technologies</title>
                    <item identifier="772" identifierref="RES_CONTENT_772" d2l_2p0:id="19" description="" completion_type="2">
                        <title>Overview</title>
                    </item>
                    <item identifier="773" identifierref="RES_CONTENT_773" d2l_2p0:id="20" description="" completion_type="2">
                        <title>Individual Identification Plan - Technologies Pretest</title>
                    </item>
                    <item identifier="774" identifierref="RES_CONTENT_774" d2l_2p0:id="21" description="" completion_type="2">
                        <title>Finding and Applying Technologies</title>
                    </item>
                    <item identifier="775" identifierref="RES_CONTENT_775" d2l_2p0:id="22" description="" completion_type="2">
                        <title>Individual Identification Plan - Technologies Post Test</title>
                    </item>
                    <item identifier="776" identifierref="RES_CONTENT_776" d2l_2p0:id="23" description="" completion_type="2">
                        <title>Teacher Technologies</title>
                    </item>
                    <item identifier="777" identifierref="RES_CONTENT_777" d2l_2p0:id="24" description="" completion_type="2">
                        <title>Student Technologies</title>
                    </item>
                </item>
                <item identifier="778" identifierref="RES_CONTENT_778" d2l_2p0:id="25" description="" completion_type="2">
                    <title>Full Plan</title>
                    <item identifier="779" identifierref="RES_CONTENT_779" d2l_2p0:id="26" description="" completion_type="2">
                        <title>Overview</title>
                    </item>
                    <item identifier="780" identifierref="RES_CONTENT_780" d2l_2p0:id="27" description="" completion_type="2">
                        <title>Individual Identification Plan - Full Pretest</title>
                    </item>
                    <item identifier="781" identifierref="RES_CONTENT_781" d2l_2p0:id="28" description="" completion_type="2">
                        <title>Creating an Individual Identification Plan</title>
                    </item>
                    <item identifier="782" identifierref="RES_CONTENT_782" d2l_2p0:id="29" description="" completion_type="2">
                        <title>Individual Identification Plan - Full Post Test</title>
                    </item>
                    <item identifier="783" identifierref="RES_CONTENT_783" d2l_2p0:id="30" description="" completion_type="2">
                        <title>Individual Identification Plan - Full</title>
                    </item>
                </item>
            </item>
        </organization>
    </organizations>
    <resources>
        <resource identifier="RES_CONTENT_744" type="webcontent" d2l_2p0:material_type="contentmodule" d2l_2p0:link_target="" href="" title="" />
        <resource identifier="RES_CONTENT_748" type="webcontent" d2l_2p0:material_type="content" d2l_2p0:link_target="" href="CourseWelcome.html" title="" />
        <resource identifier="RES_CONTENT_750" type="webcontent" d2l_2p0:material_type="content" d2l_2p0:link_target="" href="gamification.html" title="" />
        <resource identifier="RES_CONTENT_753" type="webcontent" d2l_2p0:material_type="contentlink" d2l_2p0:link_target="" href="/d2l/common/dialogs/quickLink/quickLink.d2l?ou={orgUnitId}&amp;type=quiz&amp;rCode=My_Fusion-488" title="" />
        <resource identifier="RES_CONTENT_758" type="webcontent" d2l_2p0:material_type="contentmodule" d2l_2p0:link_target="" href="" title="" />
        <resource identifier="RES_CONTENT_759" type="webcontent" d2l_2p0:material_type="content" d2l_2p0:link_target="" href="Orientation\Letter of Intent for Teachers.html" title="" />
        <resource identifier="RES_CONTENT_760" type="webcontent" d2l_2p0:material_type="content" d2l_2p0:link_target="" href="Orientation\Letter of Intent for Students.html" title="" />
        <resource identifier="RES_CONTENT_761" type="webcontent" d2l_2p0:material_type="content" d2l_2p0:link_target="" href="Orientation\Syllabus.html" title="" />
        <resource identifier="RES_CONTENT_762" type="webcontent" d2l_2p0:material_type="contentlink" d2l_2p0:link_target="_self" href="http://ok.gov/sde/oklahoma-c3-priority-academic-student-skills" title="" />
        <resource identifier="RES_CONTENT_763" type="webcontent" d2l_2p0:material_type="contentlink" d2l_2p0:link_target="_self" href="http://ok.gov/sde/oklahoma-c3-standards#Stds" title="" />
        <resource identifier="RES_CONTENT_764" type="webcontent" d2l_2p0:material_type="contentmodule" d2l_2p0:link_target="" href="" title="" />
        <resource identifier="RES_CONTENT_765" type="webcontent" d2l_2p0:material_type="contentmodule" d2l_2p0:link_target="" href="" title="" />
        <resource identifier="RES_CONTENT_766" type="webcontent" d2l_2p0:material_type="content" d2l_2p0:link_target="" href="IIP\Objectives\Overview.html" title="" />
        <resource identifier="RES_CONTENT_767" type="webcontent" d2l_2p0:material_type="contentlink" d2l_2p0:link_target="" href="/d2l/common/dialogs/quickLink/quickLink.d2l?ou={orgUnitId}&amp;type=quiz&amp;rCode=UCO-491682" title="" />
        <resource identifier="RES_CONTENT_768" type="webcontent" d2l_2p0:material_type="content" d2l_2p0:link_target="" href="IIP\Objectives\Creating Objectives.html" title="" />
        <resource identifier="RES_CONTENT_769" type="webcontent" d2l_2p0:material_type="contentlink" d2l_2p0:link_target="" href="/d2l/common/dialogs/quickLink/quickLink.d2l?ou={orgUnitId}&amp;type=quiz&amp;rCode=UCO-491685" title="" />
        <resource identifier="RES_CONTENT_770" type="webcontent" d2l_2p0:material_type="contentlink" d2l_2p0:link_target="" href="/d2l/common/dialogs/quickLink/quickLink.d2l?ou={orgUnitId}&amp;type=dropbox&amp;rCode=UCO-491680" title="" />
        <resource identifier="RES_CONTENT_771" type="webcontent" d2l_2p0:material_type="contentmodule" d2l_2p0:link_target="" href="" title="" />
        <resource identifier="RES_CONTENT_772" type="webcontent" d2l_2p0:material_type="content" d2l_2p0:link_target="" href="IIP\Technologies\Overview.html" title="" />
        <resource identifier="RES_CONTENT_773" type="webcontent" d2l_2p0:material_type="contentlink" d2l_2p0:link_target="" href="/d2l/common/dialogs/quickLink/quickLink.d2l?ou={orgUnitId}&amp;type=quiz&amp;rCode=UCO-491684" title="" />
        <resource identifier="RES_CONTENT_774" type="webcontent" d2l_2p0:material_type="content" d2l_2p0:link_target="" href="IIP\Technologies\Finding and Applying Technologies.html" title="" />
        <resource identifier="RES_CONTENT_775" type="webcontent" d2l_2p0:material_type="contentlink" d2l_2p0:link_target="" href="/d2l/common/dialogs/quickLink/quickLink.d2l?ou={orgUnitId}&amp;type=quiz&amp;rCode=UCO-491687" title="" />
        <resource identifier="RES_CONTENT_776" type="webcontent" d2l_2p0:material_type="contentlink" d2l_2p0:link_target="" href="/d2l/common/dialogs/quickLink/quickLink.d2l?ou={orgUnitId}&amp;type=discuss&amp;rCode=UCO-491678" title="" />
        <resource identifier="RES_CONTENT_777" type="webcontent" d2l_2p0:material_type="contentlink" d2l_2p0:link_target="" href="/d2l/common/dialogs/quickLink/quickLink.d2l?ou={orgUnitId}&amp;type=discuss&amp;rCode=UCO-491679" title="" />
        <resource identifier="RES_CONTENT_778" type="webcontent" d2l_2p0:material_type="contentmodule" d2l_2p0:link_target="" href="" title="" />
        <resource identifier="RES_CONTENT_779" type="webcontent" d2l_2p0:material_type="content" d2l_2p0:link_target="" href="IIP\Full\Overview.html" title="" />
        <resource identifier="RES_CONTENT_780" type="webcontent" d2l_2p0:material_type="contentlink" d2l_2p0:link_target="" href="/d2l/common/dialogs/quickLink/quickLink.d2l?ou={orgUnitId}&amp;type=quiz&amp;rCode=UCO-491683" title="" />
        <resource identifier="RES_CONTENT_781" type="webcontent" d2l_2p0:material_type="content" d2l_2p0:link_target="" href="IIP\Full\Creating an Individual Identification Plan.html" title="" />
        <resource identifier="RES_CONTENT_782" type="webcontent" d2l_2p0:material_type="contentlink" d2l_2p0:link_target="" href="/d2l/common/dialogs/quickLink/quickLink.d2l?ou={orgUnitId}&amp;type=quiz&amp;rCode=UCO-491686" title="" />
        <resource identifier="RES_CONTENT_783" type="webcontent" d2l_2p0:material_type="contentlink" d2l_2p0:link_target="" href="/d2l/common/dialogs/quickLink/quickLink.d2l?ou={orgUnitId}&amp;type=dropbox&amp;rCode=UCO-491681" title="" />
        <resource identifier="res_syllabus" type="webcontent" d2l_2p0:material_type="d2lsyllabus" d2l_2p0:link_target="" href="syllabus_d2l.xml" title="" />
        <resource identifier="res_quiz_149" type="webcontent" d2l_2p0:material_type="d2lquiz" d2l_2p0:link_target="" href="quiz_d2l_149.xml" title="Individual Identification Plan - Objectives Pretest" />
        <resource identifier="res_quiz_150" type="webcontent" d2l_2p0:material_type="d2lquiz" d2l_2p0:link_target="" href="quiz_d2l_150.xml" title="Individual Identification Plan - Technologies Pretest" />
        <resource identifier="res_quiz_151" type="webcontent" d2l_2p0:material_type="d2lquiz" d2l_2p0:link_target="" href="quiz_d2l_151.xml" title="Individual Identification Plan - Full Pretest" />
        <resource identifier="res_quiz_152" type="webcontent" d2l_2p0:material_type="d2lquiz" d2l_2p0:link_target="" href="quiz_d2l_152.xml" title="Individual Identification Plan - Objectives Post Test " />
        <resource identifier="res_quiz_153" type="webcontent" d2l_2p0:material_type="d2lquiz" d2l_2p0:link_target="" href="quiz_d2l_153.xml" title="Individual Identification Plan - Technologies Post Test" />
        <resource identifier="res_quiz_154" type="webcontent" d2l_2p0:material_type="d2lquiz" d2l_2p0:link_target="" href="quiz_d2l_154.xml" title="Individual Identification Plan - Full Post Test" />
        <resource identifier="res_quiz_142" type="webcontent" d2l_2p0:material_type="d2lquiz" d2l_2p0:link_target="" href="quiz_d2l_142.xml" title="The Journey" />
        <resource identifier="res_discuss_1" type="webcontent" d2l_2p0:material_type="d2ldiscussion" d2l_2p0:link_target="" href="discussion_d2l_1.xml" title="" />
        <resource identifier="res_discuss_2" type="webcontent" d2l_2p0:material_type="d2ldiscussion" d2l_2p0:link_target="" href="discussion_d2l_2.xml" title="" />
        <resource identifier="res_discuss_3" type="webcontent" d2l_2p0:material_type="d2ldiscussion" d2l_2p0:link_target="" href="discussion_d2l_3.xml" title="" />
        <resource identifier="res_discuss_4" type="webcontent" d2l_2p0:material_type="d2ldiscussion" d2l_2p0:link_target="" href="discussion_d2l_4.xml" title="" />
        <resource identifier="res_news" type="webcontent" d2l_2p0:material_type="d2lnews" d2l_2p0:link_target="" href="news_d2l.xml" title="" />
        <resource identifier="res_dropbox" type="webcontent" d2l_2p0:material_type="d2ldropbox" d2l_2p0:link_target="" href="dropbox_d2l.xml" title="" />
        <resource identifier="res_glossary" type="webcontent" d2l_2p0:material_type="d2lglossary" d2l_2p0:link_target="" href="glossary_d2l.xml" title="" />
        <resource identifier="res_links" type="webcontent" d2l_2p0:material_type="d2llinks" d2l_2p0:link_target="" href="links_d2l.xml" title="" />
        <resource identifier="res_chklist" type="webcontent" d2l_2p0:material_type="d2lchecklist" d2l_2p0:link_target="" href="checklist_d2l.xml" title="" />
        <resource identifier="res_grades" type="webcontent" d2l_2p0:material_type="d2lgrades" d2l_2p0:link_target="" href="grades_d2l.xml" title="" />
        <resource identifier="res_competency_1" type="webcontent" d2l_2p0:material_type="d2lcompetency" d2l_2p0:link_target="" href="competency_d2l_1.xml" title="" />
        <resource identifier="res_navigation" type="webcontent" d2l_2p0:material_type="d2lnavigation" d2l_2p0:link_target="" href="navigation_d2l.xml" title="" />
        <resource identifier="res_rubrics" type="webcontent" d2l_2p0:material_type="d2lrubrics" d2l_2p0:link_target="" href="rubrics_d2l.xml" title="" />
    </resources>
</manifest>