﻿<externallinks><link_category id="70" sort_order="1" is_public="False"><name>Smart Internet Searching</name><description text_type="text/html" /><links><link id="71"><title>Ivy's Search Engine Resources for Kids</title><description text_type="text/html" /><url>http://www.ivyjoy.com/rayne/kidssearch.html</url><sort_order>1</sort_order><launch_new_window>True</launch_new_window></link></links></link_category><link_category id="72" sort_order="2" is_public="False"><name>Technology and Education</name><description text_type="text/html" /><links><link id="73"><title>Technology and Multiple Intelligences </title><description text_type="text/html" /><url>http://www.eduscapes.com/tap/topic68.htm</url><sort_order>1</sort_order><launch_new_window>True</launch_new_window></link><link id="74"><title>The Peaks and Valleys of Online Professional Development</title><description text_type="text/html" /><url>http://www.elearnmag.org/subpage.cfm?section=research&amp;article=3-1#</url><sort_order>2</sort_order><launch_new_window>True</launch_new_window></link></links></link_category><link_category id="75" sort_order="3" is_public="False"><name>Web 2.0 Resources</name><description text_type="text/html" /><links><link id="76"><title>CIPA</title><description text_type="text/html" /><url>http://www.fcc.gov/cgb/consumerfacts/cipa.html</url><sort_order>1</sort_order><launch_new_window>True</launch_new_window></link><link id="77"><title>Educational Networking</title><description text_type="text/html" /><url>http://www.educationalnetworking.com/List+of+Networks</url><sort_order>2</sort_order><launch_new_window>True</launch_new_window></link><link id="78"><title>Open Office</title><description text_type="text/html" /><url>http://www.openoffice.org/</url><sort_order>3</sort_order><launch_new_window>True</launch_new_window></link><link id="79"><title>AbiWorld</title><description text_type="text/html" /><url>http://www.abisource.com/</url><sort_order>4</sort_order><launch_new_window>True</launch_new_window></link><link id="80"><title>Google Earth</title><description text_type="text/html" /><url>http://www.google.com/earth/index.html</url><sort_order>5</sort_order><launch_new_window>True</launch_new_window></link><link id="81"><title>Prezi</title><description text_type="text/html" /><url>http://prezi.com/</url><sort_order>6</sort_order><launch_new_window>True</launch_new_window></link><link id="82"><title>Audacity</title><description text_type="text/html" /><url>http://audacity.sourceforge.net/</url><sort_order>7</sort_order><launch_new_window>True</launch_new_window></link><link id="83"><title>Center on Congress</title><description text_type="text/html" /><url>http://www.centeroncongress.com/</url><sort_order>8</sort_order><launch_new_window>True</launch_new_window></link><link id="84"><title>Handbrake</title><description text_type="text/html" /><url>http://handbrake.fr/</url><sort_order>9</sort_order><launch_new_window>False</launch_new_window></link><link id="85"><title>Wordle</title><description text_type="text/html" /><url>http://www.wordle.net/</url><sort_order>10</sort_order><launch_new_window>True</launch_new_window></link><link id="86"><title>Dropbox</title><description text_type="text/html" /><url>http://www.dropbox.com/</url><sort_order>11</sort_order><launch_new_window>True</launch_new_window></link><link id="87"><title>Poll Everywhere</title><description text_type="text/html" /><url>http://www.polleverywhere.com/#</url><sort_order>12</sort_order><launch_new_window>True</launch_new_window></link></links></link_category><link_category id="88" sort_order="4" is_public="False"><name>Default</name><description text_type="text/html" /><links><link id="89"><title>Syllabus Attachment</title><description text_type="text/html" /><url>http://www.uco.edu/academicaffairs/StudentInfoSheet.pdf</url><sort_order>1</sort_order><launch_new_window>True</launch_new_window></link><link id="90"><title>Office of Disability Support Services at UCO</title><description text_type="text/html" /><url>http://www.uco.edu/disability_support/</url><sort_order>2</sort_order><launch_new_window>True</launch_new_window></link><link id="91"><title>Movie Maker 2.6</title><description text_type="text/html" /><url>http://www.microsoft.com/download/en/details.aspx?id=34</url><sort_order>3</sort_order><launch_new_window>True</launch_new_window></link></links></link_category><link_category id="92" sort_order="5" is_public="False"><name>Copyright Information</name><description text_type="text/html">
These sites will provide extensive information about copyright law.
</description><links><link id="93"><title>Parent-Teacher Resource Page</title><description text_type="text/html" /><url>http://www.copyrightkids.org/teachrentframes.htm</url><sort_order>1</sort_order><launch_new_window>False</launch_new_window></link><link id="94"><title>Citation Machine</title><description text_type="text/html" /><url>http://www.citationmachine.net</url><sort_order>2</sort_order><launch_new_window>False</launch_new_window></link></links></link_category><link_category id="95" sort_order="6" is_public="False"><name>Writing Instructional Objectives</name><description text_type="text/html" /><links><link id="96"><title>State of Oklahoma PASS Objectives</title><description text_type="text/html" /><url>http://www.sde.state.ok.us/Curriculum/PASS/default.html</url><sort_order>1</sort_order><launch_new_window>False</launch_new_window></link><link id="97"><title>Common Core Standards</title><description text_type="text/html" /><url>http://www.sde.state.ok.us/Curriculum/CommonCore/default.html</url><sort_order>2</sort_order><launch_new_window>True</launch_new_window></link></links></link_category><link_category id="98" sort_order="7" is_public="False"><name>Software Tutorials</name><description text_type="text/html" /><links><link id="99"><title>WebCT Tutorial</title><description text_type="text/html" /><url>http://www.uco.edu/cpde/onlineorientation.html</url><sort_order>1</sort_order><launch_new_window>True</launch_new_window></link><link id="100"><title>Word 2007 Online Tutorial</title><description text_type="text/html" /><url>http://www.fgcu.edu/support/office2007/Word/index.asp</url><sort_order>2</sort_order><launch_new_window>True</launch_new_window></link><link id="101"><title>PowerPoint 2007 Tutorial</title><description text_type="text/html" /><url>http://www.fgcu.edu/support/office2007/ppt/index.asp</url><sort_order>3</sort_order><launch_new_window>True</launch_new_window></link><link id="102"><title>Excel 2007 Tutorial</title><description text_type="text/html" /><url>http://www.fgcu.edu/support/office2007/Excel/index.asp</url><sort_order>4</sort_order><launch_new_window>True</launch_new_window></link><link id="103"><title>PowerPoint 2010 Tutorial</title><description text_type="text/html" /><url>http://office.microsoft.com/en-us/powerpoint-help/getting-started-with-powerpoint-2010-HA010359435.aspx</url><sort_order>5</sort_order><launch_new_window>True</launch_new_window></link></links></link_category><link_category id="104" sort_order="8" is_public="False"><name>SmartBoards</name><description text_type="text/html" /><links><link id="105"><title>Mr. Nussbaum</title><description text_type="text/html" /><url>http://www.mrnussbaum.com/</url><sort_order>1</sort_order><launch_new_window>True</launch_new_window></link><link id="106"><title>Smart Tech</title><description text_type="text/html" /><url>http://education.smarttech.com/ste/en-us/</url><sort_order>2</sort_order><launch_new_window>True</launch_new_window></link></links></link_category></externallinks>