﻿<?xml version="1.0" encoding="utf-8"?>
<navigation>
	<template description="" name="Gamification" id="5046" layout="8653198d-ffad-4f47-81e0-6ccd65af3f27">
		<title alignment="1" colour="#666666" font_face="" font_size="2.20">
			<margin top="10" right="10" bottom="10" left="10" />
			<text_decoration underline="False" italic="False" bold="False" allcaps="False" />
		</title>
		<containers>
			<container id="Full">
				<padding top="0" right="0" bottom="0" left="0" />
				<background repeat="1" image_position_vertical_custom_value="0" image_position_vertical_custom_type="1" image_position_vertical="1" image_position_horizontal_custom_value="0" image_position_horizontal_custom_type="1" image_position_horizontal="1" colour="#19377c">
					<EMPTY />
				</background>
				<borders>
					<border colour="#000000" width="1" style="1" side="top" />
					<border colour="#000000" width="1" style="1" side="right" />
					<border colour="#000000" width="1" style="1" side="bottom" />
					<border colour="#000000" width="1" style="1" side="left" />
				</borders>
			</container>
			<container id="Global">
				<padding top="0" right="0" bottom="0" left="0" />
				<background repeat="1" image_position_vertical_custom_value="0" image_position_vertical_custom_type="1" image_position_vertical="1" image_position_horizontal_custom_value="0" image_position_horizontal_custom_type="1" image_position_horizontal="1" colour="">
					<EMPTY />
				</background>
				<borders>
					<border colour="#000000" width="1" style="1" side="top" />
					<border colour="#000000" width="1" style="1" side="right" />
					<border colour="#000000" width="1" style="1" side="bottom" />
					<border colour="#000000" width="1" style="1" side="left" />
				</borders>
			</container>
			<container id="Top">
				<padding top="0" right="0" bottom="0" left="0" />
				<background repeat="1" image_position_vertical_custom_value="0" image_position_vertical_custom_type="1" image_position_vertical="1" image_position_horizontal_custom_value="0" image_position_horizontal_custom_type="1" image_position_horizontal="1" colour="">
					<EMPTY />
				</background>
				<borders>
					<border colour="#000000" width="1" style="1" side="top" />
					<border colour="#000000" width="1" style="1" side="right" />
					<border colour="#000000" width="1" style="1" side="bottom" />
					<border colour="#000000" width="1" style="1" side="left" />
				</borders>
			</container>
			<container id="Middle">
				<padding top="0" right="0" bottom="0" left="0" />
				<background repeat="1" image_position_vertical_custom_value="0" image_position_vertical_custom_type="1" image_position_vertical="1" image_position_horizontal_custom_value="0" image_position_horizontal_custom_type="1" image_position_horizontal="1" colour="">
					<EMPTY />
				</background>
				<borders>
					<border colour="" width="1" style="1" side="top" />
					<border colour="" width="1" style="1" side="right" />
					<border colour="" width="1" style="1" side="bottom" />
					<border colour="" width="1" style="1" side="left" />
				</borders>
			</container>
			<container id="Bottom">
				<padding top="0" right="0" bottom="0" left="0" />
				<background repeat="1" image_position_vertical_custom_value="0" image_position_vertical_custom_type="1" image_position_vertical="1" image_position_horizontal_custom_value="0" image_position_horizontal_custom_type="1" image_position_horizontal="1" colour="">
					<EMPTY />
				</background>
				<borders>
					<border colour="" width="1" style="1" side="top" />
					<border colour="" width="1" style="1" side="right" />
					<border colour="" width="1" style="1" side="bottom" />
					<border colour="" width="1" style="1" side="left" />
				</borders>
			</container>
		</containers>
		<panels>
			<panel id="BottomLeft" has_hover="True" space_between_links="4" minimum_height="0" separator_type="0" link_alignment="1" separator_width="" separator_height="" link_style="3" width_type_custom="1" width_value="0" width_type="0" drop_down_icon_height="" drop_down_icon_width="">
				<EMPTY />
				<EMPTY />
				<padding top="3" right="3" bottom="3" left="3" />
				<normal font_size="1.00" font_face="" font_colour="#000000">
					<text_decoration underline="False" italic="False" bold="False" allcaps="False" />
				</normal>
				<hover font_colour="#000000" background_colour="">
					<text_decoration underline="False" italic="False" bold="False" allcaps="False" />
					<border colour="#000000" width="1" style="1" />
				</hover>
			</panel>
			<panel id="BottomRight" has_hover="True" space_between_links="4" minimum_height="0" separator_type="0" link_alignment="2" separator_width="" separator_height="" link_style="1" width_type_custom="1" width_value="0" width_type="0" drop_down_icon_height="" drop_down_icon_width="">
				<EMPTY />
				<EMPTY />
				<padding top="3" right="3" bottom="3" left="3" />
				<normal font_size="1.25" font_face="" font_colour="#f7f7f7">
					<text_decoration underline="True" italic="False" bold="True" allcaps="True" />
				</normal>
				<hover font_colour="#000000" background_colour="">
					<text_decoration underline="False" italic="False" bold="False" allcaps="False" />
					<border colour="#000000" width="1" style="1" />
				</hover>
			</panel>
			<panel id="TopLeft" has_hover="True" space_between_links="4" minimum_height="0" separator_type="0" link_alignment="1" separator_width="" separator_height="" link_style="3" width_type_custom="1" width_value="0" width_type="0" drop_down_icon_height="" drop_down_icon_width="">
				<EMPTY />
				<EMPTY />
				<padding top="3" right="3" bottom="3" left="3" />
				<normal font_size="1.00" font_face="" font_colour="#000000">
					<text_decoration underline="False" italic="False" bold="False" allcaps="False" />
				</normal>
				<hover font_colour="#000000" background_colour="">
					<text_decoration underline="False" italic="False" bold="False" allcaps="False" />
					<border colour="#000000" width="1" style="1" />
				</hover>
			</panel>
			<panel id="TopRight" has_hover="True" space_between_links="4" minimum_height="0" separator_type="0" link_alignment="2" separator_width="" separator_height="" link_style="3" width_type_custom="1" width_value="0" width_type="0" drop_down_icon_height="" drop_down_icon_width="">
				<EMPTY />
				<EMPTY />
				<padding top="3" right="3" bottom="3" left="3" />
				<normal font_size="1.25" font_face="" font_colour="#f7f7f7">
					<text_decoration underline="True" italic="False" bold="True" allcaps="True" />
				</normal>
				<hover font_colour="#000000" background_colour="">
					<text_decoration underline="False" italic="False" bold="False" allcaps="False" />
					<border colour="#000000" width="1" style="1" />
				</hover>
			</panel>
		</panels>
		<logos>
			<logo id="Left" custom_alt="" custom_location="http://www.uco.edu" custom_location_org_unit_id="" destination="5">
				<image>
					<file filename="UCOLogo.png" id="9ae07078-105d-4916-872f-d68bcd87a117.png" />
				</image>
				<margin top="0" right="0" bottom="0" left="0" />
			</logo>
			<logo id="Right" custom_alt="" custom_location="" custom_location_org_unit_id="" destination="6">
				<margin top="0" right="0" bottom="0" left="0" />
			</logo>
		</logos>
		<globalBackgrounds>
			<globalBackground key="Global" background_colour_type="1" image_repeat="4" background_colour_start="" background_colour_end="" image_position_horizontal="1" image_position_horizontal_custom_type="1" image_position_horizontal_custom_value="1" image_position_vertical="1" image_position_vertical_custom_type="1" image_position_vertical_custom_value="0" border_style="1" border_width="1" border_colour="#000000">
				<image>
					<file filename="snes-super-mario-world-world-map.png" id="aaf5ed91-3e15-46b4-b5f7-39a066273466.png" />
				</image>
			</globalBackground>
			<globalBackground key="Left" background_colour_type="1" image_repeat="1" background_colour_start="" background_colour_end="" image_position_horizontal="1" image_position_horizontal_custom_type="1" image_position_horizontal_custom_value="1" image_position_vertical="1" image_position_vertical_custom_type="1" image_position_vertical_custom_value="0" border_style="1" border_width="1" border_colour="#000000" />
			<globalBackground key="Right" background_colour_type="1" image_repeat="1" background_colour_start="" background_colour_end="" image_position_horizontal="1" image_position_horizontal_custom_type="1" image_position_horizontal_custom_value="1" image_position_vertical="1" image_position_vertical_custom_type="1" image_position_vertical_custom_value="0" border_style="1" border_width="1" border_colour="" />
		</globalBackgrounds>
		<homepageBackground homepage_background_colour_type="1" homepage_background_colour_start="" homepage_background_colour_end="" homepage_background_opacity="90" page_title_colour="#ffffff" homepage_image_repeat="1" homepage_image_position_horizontal="1" homepage_image_position_horizontal_custom_type="1" homepage_image_position_horizontal_custom_value="1" homepage_image_position_vertical="1" homepage_image_position_vertical_custom_type="1" homepage_image_position_vertical_custom_value="1" homepage_top_margin="0" homepage_bottom_margin="0" homepage_left_margin="0" homepage_right_margin="0" homepage_top_border_style="1" homepage_top_border_width="1" homepage_top_border_colour="#000000" homepage_bottom_border_style="1" homepage_bottom_border_width="1" homepage_bottom_border_colour="#000000" homepage_left_border_style="1" homepage_left_border_width="1" homepage_left_border_colour="#000000" homepage_right_border_style="1" homepage_right_border_width="1" homepage_right_border_colour="#000000" />
	</template>
</navigation>