﻿<news><item id="49"><headline>The Basic Badge</headline><content text_type="text/html">&lt;table&gt;
&lt;tbody&gt;
&lt;tr&gt;
&lt;td&gt;&amp;nbsp;&lt;img src="Prof-Telli.gif" alt="" title="" /&gt;&lt;/td&gt;
&lt;td&gt;&amp;nbsp;Congratulations!! You have earned the Basic Badge, by earning 90% or more on taking "The Journey Quiz"&lt;/td&gt;
&lt;/tr&gt;
&lt;/tbody&gt;
&lt;/table&gt;</content><show_date_posted>True</show_date_posted><is_global>False</is_global><is_draft>False</is_draft><only_show_in_course>False</only_show_in_course><sort_order>1</sort_order><date_start>2013-07-15T00:17:00</date_start></item><item id="50"><headline>Bronze Medal for the  Objectives Pretest</headline><content text_type="text/html">&lt;table&gt;
&lt;tbody&gt;
&lt;tr&gt;
&lt;td&gt;&amp;nbsp;&lt;img src="Prof-Telli.gif" alt="" title="" /&gt;&lt;/td&gt;
&lt;td&gt;&amp;nbsp;Congratulations &lt;span&gt;{FirstName}&lt;/span&gt;!! You have earned a Bronze Medal.&lt;span&gt;You have also opened a New Route. Take Care to check your Map.&lt;/span&gt;&lt;/td&gt;
&lt;/tr&gt;
&lt;/tbody&gt;
&lt;/table&gt;</content><show_date_posted>False</show_date_posted><is_global>False</is_global><is_draft>False</is_draft><only_show_in_course>False</only_show_in_course><sort_order>1</sort_order><date_start>2013-07-16T01:48:00</date_start></item><item id="51"><headline>for Taking the Technologies Pretest you have earned a Purple Medal</headline><content text_type="text/html">&lt;table&gt;
&lt;tbody&gt;
&lt;tr&gt;
&lt;td&gt;&amp;nbsp;&lt;img src="Prof-Telli.gif" alt="" title="" /&gt;&lt;/td&gt;
&lt;td&gt;&amp;nbsp;Congratulations &lt;span&gt;{FirstName}&lt;/span&gt;!! You have earned a Purple Medal&lt;/td&gt;
&lt;/tr&gt;
&lt;/tbody&gt;
&lt;/table&gt;</content><show_date_posted>False</show_date_posted><is_global>False</is_global><is_draft>False</is_draft><only_show_in_course>False</only_show_in_course><sort_order>1</sort_order><date_start>2013-07-16T02:03:00</date_start></item><item id="52"><headline>Tech Pretest Bronze Medal</headline><content text_type="text/html">&lt;table&gt;
&lt;tbody&gt;
&lt;tr&gt;
&lt;td&gt;&amp;nbsp;&lt;img src="Prof-Telli.gif" alt="" title="" /&gt;&lt;/td&gt;
&lt;td&gt;&amp;nbsp;Congratulations &lt;span&gt;{FirstName}&lt;/span&gt;!! You have earned a Bronze Medal. You have also opened a New Route. Take Care to check your Map.&lt;/td&gt;
&lt;/tr&gt;
&lt;/tbody&gt;
&lt;/table&gt;</content><show_date_posted>False</show_date_posted><is_global>False</is_global><is_draft>False</is_draft><only_show_in_course>False</only_show_in_course><sort_order>1</sort_order><date_start>2013-07-16T02:10:00</date_start></item><item id="53"><headline>Tech Pretest Red Medal</headline><content text_type="text/html">&lt;table&gt;
&lt;tbody&gt;
&lt;tr&gt;
&lt;td&gt;&amp;nbsp;&lt;img src="Prof-Telli.gif" alt="" title="" /&gt;&lt;/td&gt;
&lt;td&gt;&amp;nbsp;Congratulations &lt;span&gt;{FirstName}&lt;/span&gt;!! You have earned a Red Medal&lt;/td&gt;
&lt;/tr&gt;
&lt;/tbody&gt;
&lt;/table&gt;</content><show_date_posted>False</show_date_posted><is_global>False</is_global><is_draft>False</is_draft><only_show_in_course>False</only_show_in_course><sort_order>1</sort_order><date_start>2013-07-16T02:15:00</date_start></item><item id="54"><headline>Tech Pretest blue Medal</headline><content text_type="text/html">&lt;table&gt;
&lt;tbody&gt;
&lt;tr&gt;
&lt;td&gt;&amp;nbsp;&lt;img src="Prof-Telli.gif" alt="" title="" /&gt;&lt;/td&gt;
&lt;td&gt;&amp;nbsp;Congratulations &lt;span&gt;{FirstName}&lt;/span&gt;!! You have earned a Blue Medal&lt;/td&gt;
&lt;/tr&gt;
&lt;/tbody&gt;
&lt;/table&gt;</content><show_date_posted>False</show_date_posted><is_global>False</is_global><is_draft>False</is_draft><only_show_in_course>False</only_show_in_course><sort_order>1</sort_order><date_start>2013-07-16T02:18:00</date_start></item><item id="55"><headline>Full Pretest Bronze Medal</headline><content text_type="text/html">&lt;table&gt;
&lt;tbody&gt;
&lt;tr&gt;
&lt;td&gt;&amp;nbsp;&lt;img src="Prof-Telli.gif" alt="" title="" /&gt;&lt;/td&gt;
&lt;td&gt;&amp;nbsp;Congratulations &lt;span&gt;{FirstName}&lt;/span&gt;!! You have earned a Bronze Medal. A new Path on your Map may have opened up. Please check your map fo Changes.&lt;/td&gt;
&lt;/tr&gt;
&lt;/tbody&gt;
&lt;/table&gt;</content><show_date_posted>False</show_date_posted><is_global>False</is_global><is_draft>False</is_draft><only_show_in_course>False</only_show_in_course><sort_order>1</sort_order><date_start>2013-07-16T02:25:00</date_start></item><item id="56"><headline>Welcome to Designing Games!</headline><content text_type="text/html">&lt;p&gt;To get started on your individual journey, click the Course Materials menu at the top, and then select Content. Happy learning!&lt;/p&gt;
&lt;p&gt;Robert and Liz&lt;/p&gt;</content><show_date_posted>True</show_date_posted><is_global>False</is_global><is_draft>False</is_draft><only_show_in_course>False</only_show_in_course><sort_order>1</sort_order><date_start>2013-07-16T08:21:00</date_start></item><item id="57"><headline>Rawr!</headline><content text_type="text/html">&lt;p&gt;Cats!&lt;/p&gt;</content><show_date_posted>True</show_date_posted><is_global>False</is_global><is_draft>False</is_draft><only_show_in_course>False</only_show_in_course><sort_order>1</sort_order><date_start>2013-07-16T08:46:00</date_start></item></news>