﻿<?xml version="1.0" encoding="UTF-8"?><questestinterop xmlns:d2l_2p0="http://desire2learn.com/xsd/d2lcp_v2p0"><assessment d2l_2p0:id="37" title="The Journey" ident="res_quiz_142" d2l_2p0:resource_code="My_Fusion-488"><rubric><flow_mat><material><mattext d2l_2p0:isdisplayed="no" texttype="text/html">&lt;p&gt;A simple test to get you started.&lt;/p&gt;</mattext></material></flow_mat></rubric><assessmentcontrol hintswitch="no" solutionswitch="yes" feedbackswitch="no" /><presentation_material><flow_mat><material label="page header"><mattext d2l_2p0:isdisplayed="no" texttype="text/html" /></material><material label="page footer"><mattext d2l_2p0:isdisplayed="no" texttype="text/html" /></material></flow_mat></presentation_material><assess_procextension><d2l_2p0:intro_message d2l_2p0:isdisplayed="no" texttype="text/html" /><category ident="13" d2l_2p0:sortorder="1">Beginners</category><grade_item d2l_2p0:is_autoexport="no" resource_code="My_Fusion-744">96</grade_item><d2l_2p0:disable_right_click>no</d2l_2p0:disable_right_click><d2l_2p0:disable_pager_access>yes</d2l_2p0:disable_pager_access><is_active>yes</is_active><d2l_2p0:date_start /><d2l_2p0:date_end /><d2l_2p0:has_schedule_event>no</d2l_2p0:has_schedule_event><d2l_2p0:is_attempt_Rldb>no</d2l_2p0:is_attempt_Rldb><d2l_2p0:is_subview_Rldb>no</d2l_2p0:is_subview_Rldb><d2l_2p0:time_limit>120</d2l_2p0:time_limit><d2l_2p0:show_clock>no</d2l_2p0:show_clock><d2l_2p0:enforce_time_limit>no</d2l_2p0:enforce_time_limit><d2l_2p0:grace_period>5</d2l_2p0:grace_period><d2l_2p0:late_limit>0</d2l_2p0:late_limit><d2l_2p0:attempts_allowed>1</d2l_2p0:attempts_allowed><d2l_2p0:attempt_restrictions /><d2l_2p0:mark_calculation_type>1</d2l_2p0:mark_calculation_type><d2l_2p0:is_forward_only>no</d2l_2p0:is_forward_only></assess_procextension><assessfeedback><rubric><flow_mat><material><mattext texttype="no">Your quiz has been submitted successfully.</mattext></material></flow_mat></rubric><d2l_2p0:response_display_type_id>1</d2l_2p0:response_display_type_id><d2l_2p0:show_correct_answers>no</d2l_2p0:show_correct_answers><d2l_2p0:show_class_average>no</d2l_2p0:show_class_average><d2l_2p0:show_score_distribution>no</d2l_2p0:show_score_distribution></assessfeedback><section ident="CONTAINER_SECTION"><item ident="OBJ_1298" label="QUES_784_1003" d2l_2p0:page="1" title="Q1"><itemmetadata><qtimetadata><qti_metadatafield><fieldlabel>qmd_computerscored</fieldlabel><fieldentry>yes</fieldentry></qti_metadatafield><qti_metadatafield><fieldlabel>qmd_questiontype</fieldlabel><fieldentry>True/False</fieldentry></qti_metadatafield><qti_metadatafield><fieldlabel>qmd_weighting</fieldlabel><fieldentry>5.000000000</fieldentry></qti_metadatafield><qti_metadatafield><fieldlabel>qmd_globalid</fieldlabel><fieldentry>e99a4120-2308-4af1-bb5b-c752790b4ee3</fieldentry></qti_metadatafield><qti_metadatafield><fieldlabel>qmd_displayid</fieldlabel><fieldentry>162-5</fieldentry></qti_metadatafield></qtimetadata></itemmetadata><itemproc_extension><d2l_2p0:difficulty>1</d2l_2p0:difficulty><d2l_2p0:isbonus>no</d2l_2p0:isbonus><d2l_2p0:ismandatory>no</d2l_2p0:ismandatory></itemproc_extension><presentation><flow><material><mattext texttype="text/html">&lt;p&gt;The Wheel In the sky keeps on turning.&lt;/p&gt;</mattext></material><response_extension><d2l_2p0:display_style>2</d2l_2p0:display_style><d2l_2p0:enumeration>6</d2l_2p0:enumeration><d2l_2p0:grading_type>0</d2l_2p0:grading_type></response_extension><response_lid ident="QUES_784_1003_LID" rcardinality="Single"><render_choice shuffle="no"><flow_label class="Block"><response_label ident="QUES_784_1003_A3660"><flow_mat><material><mattext texttype="text/plain">True</mattext></material></flow_mat></response_label></flow_label><flow_label class="Block"><response_label ident="QUES_784_1003_A3661"><flow_mat><material><mattext texttype="text/plain">False</mattext></material></flow_mat></response_label></flow_label></render_choice></response_lid></flow></presentation><resprocessing><respcondition title="Response Condition 1"><conditionvar><varequal respident="QUES_784_1003_LID">QUES_784_1003_A3660</varequal></conditionvar><setvar action="Set">5.000000000</setvar><displayfeedback feedbacktype="Response" linkrefid="QUES_784_1003_IF3660" /></respcondition><respcondition title="Response Condition 2"><conditionvar><varequal respident="QUES_784_1003_LID">QUES_784_1003_A3661</varequal></conditionvar><setvar action="Set">0.000000000</setvar><displayfeedback feedbacktype="Response" linkrefid="QUES_784_1003_IF3661" /></respcondition></resprocessing><itemfeedback ident="QUES_784_1003_IF3660"><material><mattext texttype="text/html">&lt;p&gt;YES!&lt;/p&gt;</mattext></material></itemfeedback><itemfeedback ident="QUES_784_1003_IF3661"><material><mattext texttype="text/html">&lt;p&gt;Have you even listened to the song?&lt;/p&gt;</mattext></material></itemfeedback></item><item ident="OBJ_1299" label="QUES_785_1004" d2l_2p0:page="1" title="Q2"><itemmetadata><qtimetadata><qti_metadatafield><fieldlabel>qmd_computerscored</fieldlabel><fieldentry>yes</fieldentry></qti_metadatafield><qti_metadatafield><fieldlabel>qmd_questiontype</fieldlabel><fieldentry>True/False</fieldentry></qti_metadatafield><qti_metadatafield><fieldlabel>qmd_weighting</fieldlabel><fieldentry>3.000000000</fieldentry></qti_metadatafield><qti_metadatafield><fieldlabel>qmd_globalid</fieldlabel><fieldentry>208994f0-beb0-42f6-a2c2-82240b8fe567</fieldentry></qti_metadatafield><qti_metadatafield><fieldlabel>qmd_displayid</fieldlabel><fieldentry>162-6</fieldentry></qti_metadatafield></qtimetadata></itemmetadata><itemproc_extension><d2l_2p0:difficulty>1</d2l_2p0:difficulty><d2l_2p0:isbonus>no</d2l_2p0:isbonus><d2l_2p0:ismandatory>no</d2l_2p0:ismandatory></itemproc_extension><presentation><flow><material><mattext texttype="text/html">&lt;p&gt;The sky is Blue&lt;/p&gt;</mattext></material><response_extension><d2l_2p0:display_style>2</d2l_2p0:display_style><d2l_2p0:enumeration>6</d2l_2p0:enumeration><d2l_2p0:grading_type>0</d2l_2p0:grading_type></response_extension><response_lid ident="QUES_785_1004_LID" rcardinality="Single"><render_choice shuffle="no"><flow_label class="Block"><response_label ident="QUES_785_1004_A3662"><flow_mat><material><mattext texttype="text/plain">True</mattext></material></flow_mat></response_label></flow_label><flow_label class="Block"><response_label ident="QUES_785_1004_A3663"><flow_mat><material><mattext texttype="text/plain">False</mattext></material></flow_mat></response_label></flow_label></render_choice></response_lid></flow></presentation><resprocessing><respcondition title="Response Condition 1"><conditionvar><varequal respident="QUES_785_1004_LID">QUES_785_1004_A3662</varequal></conditionvar><setvar action="Set">3.000000000</setvar><displayfeedback feedbacktype="Response" linkrefid="QUES_785_1004_IF3662" /></respcondition><respcondition title="Response Condition 2"><conditionvar><varequal respident="QUES_785_1004_LID">QUES_785_1004_A3663</varequal></conditionvar><setvar action="Set">0.000000000</setvar><displayfeedback feedbacktype="Response" linkrefid="QUES_785_1004_IF3663" /></respcondition></resprocessing><itemfeedback ident="QUES_785_1004_IF3662"><material><mattext texttype="text/html">&lt;p&gt;Isnt it so Pretty?&lt;/p&gt;</mattext></material></itemfeedback><itemfeedback ident="QUES_785_1004_IF3663"><material><mattext texttype="text/html">&lt;p&gt;Hmmm, I doubt your vision.&lt;/p&gt;</mattext></material></itemfeedback></item><item ident="OBJ_1300" label="QUES_786_1005" d2l_2p0:page="1" title="Q3"><itemmetadata><qtimetadata><qti_metadatafield><fieldlabel>qmd_computerscored</fieldlabel><fieldentry>yes</fieldentry></qti_metadatafield><qti_metadatafield><fieldlabel>qmd_questiontype</fieldlabel><fieldentry>Multiple Choice</fieldentry></qti_metadatafield><qti_metadatafield><fieldlabel>qmd_weighting</fieldlabel><fieldentry>2.000000000</fieldentry></qti_metadatafield><qti_metadatafield><fieldlabel>qmd_globalid</fieldlabel><fieldentry>1ea67896-4160-4315-a375-184fef3c5e0b</fieldentry></qti_metadatafield><qti_metadatafield><fieldlabel>qmd_displayid</fieldlabel><fieldentry>162-7</fieldentry></qti_metadatafield></qtimetadata></itemmetadata><itemproc_extension><d2l_2p0:difficulty>1</d2l_2p0:difficulty><d2l_2p0:isbonus>no</d2l_2p0:isbonus><d2l_2p0:ismandatory>no</d2l_2p0:ismandatory></itemproc_extension><presentation><flow><material><mattext texttype="text/html">&lt;p&gt;Are you ready to take this Journey?&lt;/p&gt;</mattext></material><response_extension><d2l_2p0:display_style>2</d2l_2p0:display_style><d2l_2p0:enumeration>6</d2l_2p0:enumeration><d2l_2p0:grading_type>0</d2l_2p0:grading_type></response_extension><response_lid ident="QUES_786_1005_LID" rcardinality="Single"><render_choice shuffle="yes"><flow_label class="Block"><response_label ident="QUES_786_1005_A3664"><flow_mat><material><mattext texttype="text/html">&lt;p&gt;YES! Most definatley!&lt;/p&gt;</mattext></material></flow_mat></response_label></flow_label><flow_label class="Block"><response_label ident="QUES_786_1005_A3665"><flow_mat><material><mattext texttype="text/html">&lt;p&gt;Kinda. I dont know whats going on&lt;/p&gt;</mattext></material></flow_mat></response_label></flow_label><flow_label class="Block"><response_label ident="QUES_786_1005_A3666"><flow_mat><material><mattext texttype="text/html">&lt;p&gt;No. Leave Me. Along&lt;/p&gt;</mattext></material></flow_mat></response_label></flow_label></render_choice></response_lid></flow></presentation><resprocessing><respcondition title="Response Condition 1"><conditionvar><varequal respident="QUES_786_1005_LID">QUES_786_1005_A3664</varequal></conditionvar><setvar action="Set">2.000000000</setvar><displayfeedback feedbacktype="Response" linkrefid="QUES_786_1005_IF3664" /></respcondition><respcondition title="Response Condition 2"><conditionvar><varequal respident="QUES_786_1005_LID">QUES_786_1005_A3665</varequal></conditionvar><setvar action="Set">1.000000000</setvar><displayfeedback feedbacktype="Response" linkrefid="QUES_786_1005_IF3665" /></respcondition><respcondition title="Response Condition 3"><conditionvar><varequal respident="QUES_786_1005_LID">QUES_786_1005_A3666</varequal></conditionvar><setvar action="Set">0.000000000</setvar><displayfeedback feedbacktype="Response" linkrefid="QUES_786_1005_IF3666" /></respcondition></resprocessing><itemfeedback ident="QUES_786_1005_IF3664"><material><mattext texttype="text/html">&lt;p&gt;Well, What are you waiting for?&lt;/p&gt;</mattext></material></itemfeedback><itemfeedback ident="QUES_786_1005_IF3665"><material><mattext texttype="text/html">&lt;p&gt;It'll be fun. C'mon!&lt;/p&gt;</mattext></material></itemfeedback><itemfeedback ident="QUES_786_1005_IF3666"><material><mattext texttype="text/html">&lt;p&gt;Leave. I dont like you anymore.&lt;/p&gt;</mattext></material></itemfeedback></item></section></assessment></questestinterop>