﻿<?xml version="1.0" encoding="UTF-8"?><questestinterop xmlns:d2l_2p0="http://desire2learn.com/xsd/d2lcp_v2p0"><assessment d2l_2p0:id="34" title="Individual Identification Plan - Objectives Post Test " ident="res_quiz_152" d2l_2p0:resource_code="UCO-491685"><rubric><flow_mat><material><mattext d2l_2p0:isdisplayed="no" texttype="text/html" /></material></flow_mat></rubric><assessmentcontrol hintswitch="no" solutionswitch="yes" feedbackswitch="no" /><presentation_material><flow_mat><material label="page header"><mattext d2l_2p0:isdisplayed="no" texttype="text/html" /></material><material label="page footer"><mattext d2l_2p0:isdisplayed="no" texttype="text/html" /></material></flow_mat></presentation_material><assess_procextension><d2l_2p0:intro_message d2l_2p0:isdisplayed="no" texttype="text/html" /><grade_item d2l_2p0:is_autoexport="yes" resource_code="UCO-491710">301</grade_item><d2l_2p0:disable_right_click>no</d2l_2p0:disable_right_click><d2l_2p0:disable_pager_access>no</d2l_2p0:disable_pager_access><is_active>yes</is_active><d2l_2p0:date_start /><d2l_2p0:date_end /><d2l_2p0:has_schedule_event>no</d2l_2p0:has_schedule_event><d2l_2p0:is_attempt_Rldb>no</d2l_2p0:is_attempt_Rldb><d2l_2p0:is_subview_Rldb>no</d2l_2p0:is_subview_Rldb><d2l_2p0:time_limit>120</d2l_2p0:time_limit><d2l_2p0:show_clock>no</d2l_2p0:show_clock><d2l_2p0:enforce_time_limit>no</d2l_2p0:enforce_time_limit><d2l_2p0:grace_period>5</d2l_2p0:grace_period><d2l_2p0:late_limit>0</d2l_2p0:late_limit><d2l_2p0:late_limit_data>0</d2l_2p0:late_limit_data><d2l_2p0:attempts_allowed>10</d2l_2p0:attempts_allowed><d2l_2p0:attempt_restrictions /><d2l_2p0:mark_calculation_type>1</d2l_2p0:mark_calculation_type><d2l_2p0:is_forward_only>no</d2l_2p0:is_forward_only></assess_procextension><assessfeedback title=""><rubric><flow_mat><material><mattext texttype="yes">Your quiz has been submitted successfully.</mattext></material></flow_mat></rubric><d2l_2p0:response_display_type_id>1</d2l_2p0:response_display_type_id><d2l_2p0:show_correct_answers>no</d2l_2p0:show_correct_answers><d2l_2p0:show_class_average>no</d2l_2p0:show_class_average><d2l_2p0:show_score_distribution>no</d2l_2p0:show_score_distribution></assessfeedback><section ident="CONTAINER_SECTION"><itemref linkrefid="QUES_789_1509" d2l_2p0:page="1"><d2l_2p0:file href="quiz_d2l_149.xml" /><d2l_2p0:points>2.000000000</d2l_2p0:points><d2l_2p0:difficulty>1</d2l_2p0:difficulty><d2l_2p0:isbonus>no</d2l_2p0:isbonus><d2l_2p0:ismandatory>no</d2l_2p0:ismandatory></itemref><itemref linkrefid="QUES_965_1510" d2l_2p0:page="1"><d2l_2p0:file href="quiz_d2l_149.xml" /><d2l_2p0:points>2.000000000</d2l_2p0:points><d2l_2p0:difficulty>2</d2l_2p0:difficulty><d2l_2p0:isbonus>no</d2l_2p0:isbonus><d2l_2p0:ismandatory>no</d2l_2p0:ismandatory></itemref><itemref linkrefid="QUES_966_1511" d2l_2p0:page="1"><d2l_2p0:file href="quiz_d2l_149.xml" /><d2l_2p0:points>2.000000000</d2l_2p0:points><d2l_2p0:difficulty>2</d2l_2p0:difficulty><d2l_2p0:isbonus>no</d2l_2p0:isbonus><d2l_2p0:ismandatory>no</d2l_2p0:ismandatory></itemref><itemref linkrefid="QUES_967_1512" d2l_2p0:page="1"><d2l_2p0:file href="quiz_d2l_149.xml" /><d2l_2p0:points>2.000000000</d2l_2p0:points><d2l_2p0:difficulty>2</d2l_2p0:difficulty><d2l_2p0:isbonus>no</d2l_2p0:isbonus><d2l_2p0:ismandatory>no</d2l_2p0:ismandatory></itemref><itemref linkrefid="QUES_968_1513" d2l_2p0:page="1"><d2l_2p0:file href="quiz_d2l_149.xml" /><d2l_2p0:points>2.000000000</d2l_2p0:points><d2l_2p0:difficulty>3</d2l_2p0:difficulty><d2l_2p0:isbonus>no</d2l_2p0:isbonus><d2l_2p0:ismandatory>no</d2l_2p0:ismandatory></itemref><itemref linkrefid="QUES_969_1514" d2l_2p0:page="1"><d2l_2p0:file href="quiz_d2l_149.xml" /><d2l_2p0:points>2.000000000</d2l_2p0:points><d2l_2p0:difficulty>3</d2l_2p0:difficulty><d2l_2p0:isbonus>no</d2l_2p0:isbonus><d2l_2p0:ismandatory>no</d2l_2p0:ismandatory></itemref><itemref linkrefid="QUES_970_1515" d2l_2p0:page="1"><d2l_2p0:file href="quiz_d2l_149.xml" /><d2l_2p0:points>2.000000000</d2l_2p0:points><d2l_2p0:difficulty>3</d2l_2p0:difficulty><d2l_2p0:isbonus>no</d2l_2p0:isbonus><d2l_2p0:ismandatory>no</d2l_2p0:ismandatory></itemref><itemref linkrefid="QUES_971_1516" d2l_2p0:page="1"><d2l_2p0:file href="quiz_d2l_149.xml" /><d2l_2p0:points>2.000000000</d2l_2p0:points><d2l_2p0:difficulty>4</d2l_2p0:difficulty><d2l_2p0:isbonus>no</d2l_2p0:isbonus><d2l_2p0:ismandatory>no</d2l_2p0:ismandatory></itemref><itemref linkrefid="QUES_972_1517" d2l_2p0:page="1"><d2l_2p0:file href="quiz_d2l_149.xml" /><d2l_2p0:points>2.000000000</d2l_2p0:points><d2l_2p0:difficulty>4</d2l_2p0:difficulty><d2l_2p0:isbonus>no</d2l_2p0:isbonus><d2l_2p0:ismandatory>no</d2l_2p0:ismandatory></itemref><itemref linkrefid="QUES_973_1528" d2l_2p0:page="1"><d2l_2p0:file href="quiz_d2l_149.xml" /><d2l_2p0:points>2.000000000</d2l_2p0:points><d2l_2p0:difficulty>5</d2l_2p0:difficulty><d2l_2p0:isbonus>no</d2l_2p0:isbonus><d2l_2p0:ismandatory>no</d2l_2p0:ismandatory></itemref></section></assessment></questestinterop>