﻿<?xml version="1.0" encoding="UTF-8"?><questestinterop xmlns:d2l_2p0="http://desire2learn.com/xsd/d2lcp_v2p0"><assessment d2l_2p0:id="31" title="Individual Identification Plan - Objectives Pretest" ident="res_quiz_149" d2l_2p0:resource_code="UCO-491682"><rubric><flow_mat><material><mattext d2l_2p0:isdisplayed="no" texttype="text/html" /></material></flow_mat></rubric><assessmentcontrol hintswitch="no" solutionswitch="yes" feedbackswitch="no" /><presentation_material><flow_mat><material label="page header"><mattext d2l_2p0:isdisplayed="no" texttype="text/html" /></material><material label="page footer"><mattext d2l_2p0:isdisplayed="no" texttype="text/html" /></material></flow_mat></presentation_material><assess_procextension><d2l_2p0:intro_message d2l_2p0:isdisplayed="no" texttype="text/html" /><grade_item d2l_2p0:is_autoexport="yes" resource_code="UCO-491707">294</grade_item><d2l_2p0:disable_right_click>no</d2l_2p0:disable_right_click><d2l_2p0:disable_pager_access>no</d2l_2p0:disable_pager_access><is_active>yes</is_active><d2l_2p0:date_start /><d2l_2p0:date_end /><d2l_2p0:has_schedule_event>no</d2l_2p0:has_schedule_event><d2l_2p0:is_attempt_Rldb>no</d2l_2p0:is_attempt_Rldb><d2l_2p0:is_subview_Rldb>no</d2l_2p0:is_subview_Rldb><d2l_2p0:time_limit>120</d2l_2p0:time_limit><d2l_2p0:show_clock>no</d2l_2p0:show_clock><d2l_2p0:enforce_time_limit>no</d2l_2p0:enforce_time_limit><d2l_2p0:grace_period>5</d2l_2p0:grace_period><d2l_2p0:late_limit>0</d2l_2p0:late_limit><d2l_2p0:late_limit_data>0</d2l_2p0:late_limit_data><d2l_2p0:attempts_allowed>1</d2l_2p0:attempts_allowed><d2l_2p0:attempt_restrictions /><d2l_2p0:mark_calculation_type>1</d2l_2p0:mark_calculation_type><d2l_2p0:is_forward_only>no</d2l_2p0:is_forward_only></assess_procextension><assessfeedback title=""><rubric><flow_mat><material><mattext texttype="yes">Your quiz has been submitted successfully.</mattext></material></flow_mat></rubric><d2l_2p0:response_display_type_id>1</d2l_2p0:response_display_type_id><d2l_2p0:show_correct_answers>no</d2l_2p0:show_correct_answers><d2l_2p0:show_class_average>no</d2l_2p0:show_class_average><d2l_2p0:show_score_distribution>no</d2l_2p0:show_score_distribution></assessfeedback><d2l_2p0:report title="Test"><d2l_2p0:report_type>0</d2l_2p0:report_type><d2l_2p0:show_class_average>yes</d2l_2p0:show_class_average><d2l_2p0:show_score_distribution>yes</d2l_2p0:show_score_distribution><d2l_2p0:show_bonus_questions>yes</d2l_2p0:show_bonus_questions><d2l_2p0:show_outof>yes</d2l_2p0:show_outof><d2l_2p0:show_difficulty>no</d2l_2p0:show_difficulty><d2l_2p0:show_textresponses>no</d2l_2p0:show_textresponses><d2l_2p0:show_privatecomments>no</d2l_2p0:show_privatecomments><d2l_2p0:show_studentid>no</d2l_2p0:show_studentid><d2l_2p0:show_attemptduration>no</d2l_2p0:show_attemptduration><d2l_2p0:report_roles><d2l_2p0:role ident="103">Student</d2l_2p0:role></d2l_2p0:report_roles></d2l_2p0:report><section ident="CONTAINER_SECTION"><item ident="OBJ_1818" label="QUES_789_1509" d2l_2p0:page="1" title="O1"><itemmetadata><qtimetadata><qti_metadatafield><fieldlabel>qmd_computerscored</fieldlabel><fieldentry>yes</fieldentry></qti_metadatafield><qti_metadatafield><fieldlabel>qmd_questiontype</fieldlabel><fieldentry>Multiple Choice</fieldentry></qti_metadatafield><qti_metadatafield><fieldlabel>qmd_weighting</fieldlabel><fieldentry>2.000000000</fieldentry></qti_metadatafield><qti_metadatafield><fieldlabel>qmd_globalid</fieldlabel><fieldentry>5db2cd15-e94f-4748-b9e0-ef24ac49b699</fieldentry></qti_metadatafield><qti_metadatafield><fieldlabel>qmd_displayid</fieldlabel><fieldentry>162-8</fieldentry></qti_metadatafield></qtimetadata></itemmetadata><itemproc_extension><d2l_2p0:difficulty>1</d2l_2p0:difficulty><d2l_2p0:isbonus>no</d2l_2p0:isbonus><d2l_2p0:ismandatory>no</d2l_2p0:ismandatory></itemproc_extension><presentation><flow><material><mattext texttype="text/html">&lt;p&gt;Objectives 1&lt;/p&gt;</mattext></material><response_extension><d2l_2p0:display_style>2</d2l_2p0:display_style><d2l_2p0:enumeration>6</d2l_2p0:enumeration><d2l_2p0:grading_type>0</d2l_2p0:grading_type></response_extension><response_lid ident="QUES_789_1509_LID" rcardinality="Single"><render_choice shuffle="yes"><flow_label class="Block"><response_label ident="QUES_789_1509_A5575"><flow_mat><material><mattext texttype="text/html">&lt;p&gt;yes&lt;/p&gt;</mattext></material></flow_mat></response_label></flow_label><flow_label class="Block"><response_label ident="QUES_789_1509_A5576"><flow_mat><material><mattext texttype="text/html">&lt;p&gt;no&lt;/p&gt;</mattext></material></flow_mat></response_label></flow_label><flow_label class="Block"><response_label ident="QUES_789_1509_A5577"><flow_mat><material><mattext texttype="text/html">&lt;p&gt;no&lt;/p&gt;</mattext></material></flow_mat></response_label></flow_label><flow_label class="Block"><response_label ident="QUES_789_1509_A5578"><flow_mat><material><mattext texttype="text/html">&lt;p&gt;no&lt;/p&gt;</mattext></material></flow_mat></response_label></flow_label></render_choice></response_lid></flow></presentation><resprocessing><respcondition title="Response Condition 1"><conditionvar><varequal respident="QUES_789_1509_LID">QUES_789_1509_A5575</varequal></conditionvar><setvar action="Set">100.000000000</setvar><displayfeedback feedbacktype="Response" linkrefid="QUES_789_1509_IF5575" /></respcondition><respcondition title="Response Condition 2"><conditionvar><varequal respident="QUES_789_1509_LID">QUES_789_1509_A5576</varequal></conditionvar><setvar action="Set">0.000000000</setvar><displayfeedback feedbacktype="Response" linkrefid="QUES_789_1509_IF5576" /></respcondition><respcondition title="Response Condition 3"><conditionvar><varequal respident="QUES_789_1509_LID">QUES_789_1509_A5577</varequal></conditionvar><setvar action="Set">0.000000000</setvar><displayfeedback feedbacktype="Response" linkrefid="QUES_789_1509_IF5577" /></respcondition><respcondition title="Response Condition 4"><conditionvar><varequal respident="QUES_789_1509_LID">QUES_789_1509_A5578</varequal></conditionvar><setvar action="Set">0.000000000</setvar><displayfeedback feedbacktype="Response" linkrefid="QUES_789_1509_IF5578" /></respcondition></resprocessing><itemfeedback ident="QUES_789_1509_IF5575"><material><mattext texttype="text/html" /></material></itemfeedback><itemfeedback ident="QUES_789_1509_IF5576"><material><mattext texttype="text/html" /></material></itemfeedback><itemfeedback ident="QUES_789_1509_IF5577"><material><mattext texttype="text/html" /></material></itemfeedback><itemfeedback ident="QUES_789_1509_IF5578"><material><mattext texttype="text/html" /></material></itemfeedback></item><item ident="OBJ_2597" label="QUES_965_1510" d2l_2p0:page="2" title="O2"><itemmetadata><qtimetadata><qti_metadatafield><fieldlabel>qmd_computerscored</fieldlabel><fieldentry>yes</fieldentry></qti_metadatafield><qti_metadatafield><fieldlabel>qmd_questiontype</fieldlabel><fieldentry>Multiple Choice</fieldentry></qti_metadatafield><qti_metadatafield><fieldlabel>qmd_weighting</fieldlabel><fieldentry>2.000000000</fieldentry></qti_metadatafield><qti_metadatafield><fieldlabel>qmd_globalid</fieldlabel><fieldentry>68edd30a-e0f5-4132-a9ee-f434363bc250</fieldentry></qti_metadatafield><qti_metadatafield><fieldlabel>qmd_displayid</fieldlabel><fieldentry>162-9</fieldentry></qti_metadatafield></qtimetadata></itemmetadata><itemproc_extension><d2l_2p0:difficulty>2</d2l_2p0:difficulty><d2l_2p0:isbonus>no</d2l_2p0:isbonus><d2l_2p0:ismandatory>no</d2l_2p0:ismandatory></itemproc_extension><presentation><flow><material><mattext texttype="text/html">&lt;p&gt;O2&lt;/p&gt;</mattext></material><response_extension><d2l_2p0:display_style>2</d2l_2p0:display_style><d2l_2p0:enumeration>6</d2l_2p0:enumeration><d2l_2p0:grading_type>0</d2l_2p0:grading_type></response_extension><response_lid ident="QUES_965_1510_LID" rcardinality="Single"><render_choice shuffle="yes"><flow_label class="Block"><response_label ident="QUES_965_1510_A5579"><flow_mat><material><mattext texttype="text/html">&lt;p&gt;Yes&lt;/p&gt;</mattext></material></flow_mat></response_label></flow_label><flow_label class="Block"><response_label ident="QUES_965_1510_A5580"><flow_mat><material><mattext texttype="text/html">&lt;p&gt;No&lt;/p&gt;</mattext></material></flow_mat></response_label></flow_label><flow_label class="Block"><response_label ident="QUES_965_1510_A5581"><flow_mat><material><mattext texttype="text/html">&lt;p&gt;No&lt;/p&gt;</mattext></material></flow_mat></response_label></flow_label><flow_label class="Block"><response_label ident="QUES_965_1510_A5582"><flow_mat><material><mattext texttype="text/html">&lt;p&gt;No&lt;/p&gt;</mattext></material></flow_mat></response_label></flow_label></render_choice></response_lid></flow></presentation><resprocessing><respcondition title="Response Condition 1"><conditionvar><varequal respident="QUES_965_1510_LID">QUES_965_1510_A5579</varequal></conditionvar><setvar action="Set">100.000000000</setvar><displayfeedback feedbacktype="Response" linkrefid="QUES_965_1510_IF5579" /></respcondition><respcondition title="Response Condition 2"><conditionvar><varequal respident="QUES_965_1510_LID">QUES_965_1510_A5580</varequal></conditionvar><setvar action="Set">0.000000000</setvar><displayfeedback feedbacktype="Response" linkrefid="QUES_965_1510_IF5580" /></respcondition><respcondition title="Response Condition 3"><conditionvar><varequal respident="QUES_965_1510_LID">QUES_965_1510_A5581</varequal></conditionvar><setvar action="Set">0.000000000</setvar><displayfeedback feedbacktype="Response" linkrefid="QUES_965_1510_IF5581" /></respcondition><respcondition title="Response Condition 4"><conditionvar><varequal respident="QUES_965_1510_LID">QUES_965_1510_A5582</varequal></conditionvar><setvar action="Set">0.000000000</setvar><displayfeedback feedbacktype="Response" linkrefid="QUES_965_1510_IF5582" /></respcondition></resprocessing><itemfeedback ident="QUES_965_1510_IF5579"><material><mattext texttype="text/html" /></material></itemfeedback><itemfeedback ident="QUES_965_1510_IF5580"><material><mattext texttype="text/html" /></material></itemfeedback><itemfeedback ident="QUES_965_1510_IF5581"><material><mattext texttype="text/html" /></material></itemfeedback><itemfeedback ident="QUES_965_1510_IF5582"><material><mattext texttype="text/html" /></material></itemfeedback></item><item ident="OBJ_2637" label="QUES_966_1511" d2l_2p0:page="3" title="O3"><itemmetadata><qtimetadata><qti_metadatafield><fieldlabel>qmd_computerscored</fieldlabel><fieldentry>yes</fieldentry></qti_metadatafield><qti_metadatafield><fieldlabel>qmd_questiontype</fieldlabel><fieldentry>True/False</fieldentry></qti_metadatafield><qti_metadatafield><fieldlabel>qmd_weighting</fieldlabel><fieldentry>2.000000000</fieldentry></qti_metadatafield><qti_metadatafield><fieldlabel>qmd_globalid</fieldlabel><fieldentry>b85f2065-632a-47b2-b6ca-36a6ba7d91a6</fieldentry></qti_metadatafield><qti_metadatafield><fieldlabel>qmd_displayid</fieldlabel><fieldentry>162-11</fieldentry></qti_metadatafield></qtimetadata></itemmetadata><itemproc_extension><d2l_2p0:difficulty>2</d2l_2p0:difficulty><d2l_2p0:isbonus>no</d2l_2p0:isbonus><d2l_2p0:ismandatory>no</d2l_2p0:ismandatory></itemproc_extension><presentation><flow><material><mattext texttype="text/html">&lt;p&gt;True&lt;/p&gt;</mattext></material><response_extension><d2l_2p0:display_style>2</d2l_2p0:display_style><d2l_2p0:enumeration>6</d2l_2p0:enumeration><d2l_2p0:grading_type>0</d2l_2p0:grading_type></response_extension><response_lid ident="QUES_966_1511_LID" rcardinality="Single"><render_choice shuffle="no"><flow_label class="Block"><response_label ident="QUES_966_1511_A5583"><flow_mat><material><mattext texttype="text/plain">True</mattext></material></flow_mat></response_label></flow_label><flow_label class="Block"><response_label ident="QUES_966_1511_A5584"><flow_mat><material><mattext texttype="text/plain">False</mattext></material></flow_mat></response_label></flow_label></render_choice></response_lid></flow></presentation><resprocessing><respcondition title="Response Condition 1"><conditionvar><varequal respident="QUES_966_1511_LID">QUES_966_1511_A5583</varequal></conditionvar><setvar action="Set">100.000000000</setvar><displayfeedback feedbacktype="Response" linkrefid="QUES_966_1511_IF5583" /></respcondition><respcondition title="Response Condition 2"><conditionvar><varequal respident="QUES_966_1511_LID">QUES_966_1511_A5584</varequal></conditionvar><setvar action="Set">0.000000000</setvar><displayfeedback feedbacktype="Response" linkrefid="QUES_966_1511_IF5584" /></respcondition></resprocessing><itemfeedback ident="QUES_966_1511_IF5583"><material><mattext texttype="text/html" /></material></itemfeedback><itemfeedback ident="QUES_966_1511_IF5584"><material><mattext texttype="text/html" /></material></itemfeedback></item><item ident="OBJ_2638" label="QUES_967_1512" d2l_2p0:page="4" title="O4"><itemmetadata><qtimetadata><qti_metadatafield><fieldlabel>qmd_computerscored</fieldlabel><fieldentry>yes</fieldentry></qti_metadatafield><qti_metadatafield><fieldlabel>qmd_questiontype</fieldlabel><fieldentry>True/False</fieldentry></qti_metadatafield><qti_metadatafield><fieldlabel>qmd_weighting</fieldlabel><fieldentry>2.000000000</fieldentry></qti_metadatafield><qti_metadatafield><fieldlabel>qmd_globalid</fieldlabel><fieldentry>b68b8074-679a-486a-85c2-7269cbda0aa0</fieldentry></qti_metadatafield><qti_metadatafield><fieldlabel>qmd_displayid</fieldlabel><fieldentry>162-12</fieldentry></qti_metadatafield></qtimetadata></itemmetadata><itemproc_extension><d2l_2p0:difficulty>2</d2l_2p0:difficulty><d2l_2p0:isbonus>no</d2l_2p0:isbonus><d2l_2p0:ismandatory>no</d2l_2p0:ismandatory></itemproc_extension><presentation><flow><material><mattext texttype="text/html">&lt;p&gt;False&lt;/p&gt;</mattext></material><response_extension><d2l_2p0:display_style>2</d2l_2p0:display_style><d2l_2p0:enumeration>6</d2l_2p0:enumeration><d2l_2p0:grading_type>0</d2l_2p0:grading_type></response_extension><response_lid ident="QUES_967_1512_LID" rcardinality="Single"><render_choice shuffle="no"><flow_label class="Block"><response_label ident="QUES_967_1512_A5585"><flow_mat><material><mattext texttype="text/plain">True</mattext></material></flow_mat></response_label></flow_label><flow_label class="Block"><response_label ident="QUES_967_1512_A5586"><flow_mat><material><mattext texttype="text/plain">False</mattext></material></flow_mat></response_label></flow_label></render_choice></response_lid></flow></presentation><resprocessing><respcondition title="Response Condition 1"><conditionvar><varequal respident="QUES_967_1512_LID">QUES_967_1512_A5585</varequal></conditionvar><setvar action="Set">0.000000000</setvar><displayfeedback feedbacktype="Response" linkrefid="QUES_967_1512_IF5585" /></respcondition><respcondition title="Response Condition 2"><conditionvar><varequal respident="QUES_967_1512_LID">QUES_967_1512_A5586</varequal></conditionvar><setvar action="Set">100.000000000</setvar><displayfeedback feedbacktype="Response" linkrefid="QUES_967_1512_IF5586" /></respcondition></resprocessing><itemfeedback ident="QUES_967_1512_IF5585"><material><mattext texttype="text/html" /></material></itemfeedback><itemfeedback ident="QUES_967_1512_IF5586"><material><mattext texttype="text/html" /></material></itemfeedback></item><item ident="OBJ_2639" label="QUES_968_1513" d2l_2p0:page="5" title="O5"><itemmetadata><qtimetadata><qti_metadatafield><fieldlabel>qmd_computerscored</fieldlabel><fieldentry>yes</fieldentry></qti_metadatafield><qti_metadatafield><fieldlabel>qmd_questiontype</fieldlabel><fieldentry>Matching</fieldentry></qti_metadatafield><qti_metadatafield><fieldlabel>qmd_weighting</fieldlabel><fieldentry>2.000000000</fieldentry></qti_metadatafield><qti_metadatafield><fieldlabel>qmd_globalid</fieldlabel><fieldentry>3bbdd86a-3959-48f7-9ce2-4ea354e319a4</fieldentry></qti_metadatafield><qti_metadatafield><fieldlabel>qmd_displayid</fieldlabel><fieldentry>162-13</fieldentry></qti_metadatafield></qtimetadata></itemmetadata><itemproc_extension><d2l_2p0:difficulty>3</d2l_2p0:difficulty><d2l_2p0:isbonus>no</d2l_2p0:isbonus><d2l_2p0:ismandatory>no</d2l_2p0:ismandatory></itemproc_extension><presentation><flow><material><mattext texttype="text/html">&lt;p&gt;O5&lt;/p&gt;</mattext></material><response_extension><d2l_2p0:grading_type>1</d2l_2p0:grading_type></response_extension><response_grp respident="QUES_968_1513_C5593" rcardinality="Single"><material><mattext texttype="text/html">&lt;p&gt;A&lt;/p&gt;</mattext></material><render_choice shuffle="yes"><flow_label class="Block"><response_label ident="QUES_968_1513_M5587"><flow_mat><material><mattext texttype="text/html">&lt;p&gt;A&lt;/p&gt;</mattext></material></flow_mat></response_label><response_label ident="QUES_968_1513_M5588"><flow_mat><material><mattext texttype="text/html">&lt;p&gt;B&lt;/p&gt;</mattext></material></flow_mat></response_label><response_label ident="QUES_968_1513_M5589"><flow_mat><material><mattext texttype="text/html">&lt;p&gt;C&lt;/p&gt;</mattext></material></flow_mat></response_label><response_label ident="QUES_968_1513_M5590"><flow_mat><material><mattext texttype="text/html">&lt;p&gt;D&lt;/p&gt;</mattext></material></flow_mat></response_label><response_label ident="QUES_968_1513_M5591"><flow_mat><material><mattext texttype="text/html">&lt;p&gt;E&lt;/p&gt;</mattext></material></flow_mat></response_label><response_label ident="QUES_968_1513_M5592"><flow_mat><material><mattext texttype="text/html">&lt;p&gt;F&lt;/p&gt;</mattext></material></flow_mat></response_label></flow_label></render_choice></response_grp><response_grp respident="QUES_968_1513_C5594" rcardinality="Single"><material><mattext texttype="text/html">&lt;p&gt;B&lt;/p&gt;</mattext></material><render_choice shuffle="yes"><flow_label class="Block"><response_label ident="QUES_968_1513_M5587"><flow_mat><material><mattext texttype="text/html">&lt;p&gt;A&lt;/p&gt;</mattext></material></flow_mat></response_label><response_label ident="QUES_968_1513_M5588"><flow_mat><material><mattext texttype="text/html">&lt;p&gt;B&lt;/p&gt;</mattext></material></flow_mat></response_label><response_label ident="QUES_968_1513_M5589"><flow_mat><material><mattext texttype="text/html">&lt;p&gt;C&lt;/p&gt;</mattext></material></flow_mat></response_label><response_label ident="QUES_968_1513_M5590"><flow_mat><material><mattext texttype="text/html">&lt;p&gt;D&lt;/p&gt;</mattext></material></flow_mat></response_label><response_label ident="QUES_968_1513_M5591"><flow_mat><material><mattext texttype="text/html">&lt;p&gt;E&lt;/p&gt;</mattext></material></flow_mat></response_label><response_label ident="QUES_968_1513_M5592"><flow_mat><material><mattext texttype="text/html">&lt;p&gt;F&lt;/p&gt;</mattext></material></flow_mat></response_label></flow_label></render_choice></response_grp><response_grp respident="QUES_968_1513_C5595" rcardinality="Single"><material><mattext texttype="text/html">&lt;p&gt;C&lt;/p&gt;</mattext></material><render_choice shuffle="yes"><flow_label class="Block"><response_label ident="QUES_968_1513_M5587"><flow_mat><material><mattext texttype="text/html">&lt;p&gt;A&lt;/p&gt;</mattext></material></flow_mat></response_label><response_label ident="QUES_968_1513_M5588"><flow_mat><material><mattext texttype="text/html">&lt;p&gt;B&lt;/p&gt;</mattext></material></flow_mat></response_label><response_label ident="QUES_968_1513_M5589"><flow_mat><material><mattext texttype="text/html">&lt;p&gt;C&lt;/p&gt;</mattext></material></flow_mat></response_label><response_label ident="QUES_968_1513_M5590"><flow_mat><material><mattext texttype="text/html">&lt;p&gt;D&lt;/p&gt;</mattext></material></flow_mat></response_label><response_label ident="QUES_968_1513_M5591"><flow_mat><material><mattext texttype="text/html">&lt;p&gt;E&lt;/p&gt;</mattext></material></flow_mat></response_label><response_label ident="QUES_968_1513_M5592"><flow_mat><material><mattext texttype="text/html">&lt;p&gt;F&lt;/p&gt;</mattext></material></flow_mat></response_label></flow_label></render_choice></response_grp><response_grp respident="QUES_968_1513_C5596" rcardinality="Single"><material><mattext texttype="text/html">&lt;p&gt;D&lt;/p&gt;</mattext></material><render_choice shuffle="yes"><flow_label class="Block"><response_label ident="QUES_968_1513_M5587"><flow_mat><material><mattext texttype="text/html">&lt;p&gt;A&lt;/p&gt;</mattext></material></flow_mat></response_label><response_label ident="QUES_968_1513_M5588"><flow_mat><material><mattext texttype="text/html">&lt;p&gt;B&lt;/p&gt;</mattext></material></flow_mat></response_label><response_label ident="QUES_968_1513_M5589"><flow_mat><material><mattext texttype="text/html">&lt;p&gt;C&lt;/p&gt;</mattext></material></flow_mat></response_label><response_label ident="QUES_968_1513_M5590"><flow_mat><material><mattext texttype="text/html">&lt;p&gt;D&lt;/p&gt;</mattext></material></flow_mat></response_label><response_label ident="QUES_968_1513_M5591"><flow_mat><material><mattext texttype="text/html">&lt;p&gt;E&lt;/p&gt;</mattext></material></flow_mat></response_label><response_label ident="QUES_968_1513_M5592"><flow_mat><material><mattext texttype="text/html">&lt;p&gt;F&lt;/p&gt;</mattext></material></flow_mat></response_label></flow_label></render_choice></response_grp><response_grp respident="QUES_968_1513_C5597" rcardinality="Single"><material><mattext texttype="text/html">&lt;p&gt;E&lt;/p&gt;</mattext></material><render_choice shuffle="yes"><flow_label class="Block"><response_label ident="QUES_968_1513_M5587"><flow_mat><material><mattext texttype="text/html">&lt;p&gt;A&lt;/p&gt;</mattext></material></flow_mat></response_label><response_label ident="QUES_968_1513_M5588"><flow_mat><material><mattext texttype="text/html">&lt;p&gt;B&lt;/p&gt;</mattext></material></flow_mat></response_label><response_label ident="QUES_968_1513_M5589"><flow_mat><material><mattext texttype="text/html">&lt;p&gt;C&lt;/p&gt;</mattext></material></flow_mat></response_label><response_label ident="QUES_968_1513_M5590"><flow_mat><material><mattext texttype="text/html">&lt;p&gt;D&lt;/p&gt;</mattext></material></flow_mat></response_label><response_label ident="QUES_968_1513_M5591"><flow_mat><material><mattext texttype="text/html">&lt;p&gt;E&lt;/p&gt;</mattext></material></flow_mat></response_label><response_label ident="QUES_968_1513_M5592"><flow_mat><material><mattext texttype="text/html">&lt;p&gt;F&lt;/p&gt;</mattext></material></flow_mat></response_label></flow_label></render_choice></response_grp><response_grp respident="QUES_968_1513_C5598" rcardinality="Single"><material><mattext texttype="text/html">&lt;p&gt;F&lt;/p&gt;</mattext></material><render_choice shuffle="yes"><flow_label class="Block"><response_label ident="QUES_968_1513_M5587"><flow_mat><material><mattext texttype="text/html">&lt;p&gt;A&lt;/p&gt;</mattext></material></flow_mat></response_label><response_label ident="QUES_968_1513_M5588"><flow_mat><material><mattext texttype="text/html">&lt;p&gt;B&lt;/p&gt;</mattext></material></flow_mat></response_label><response_label ident="QUES_968_1513_M5589"><flow_mat><material><mattext texttype="text/html">&lt;p&gt;C&lt;/p&gt;</mattext></material></flow_mat></response_label><response_label ident="QUES_968_1513_M5590"><flow_mat><material><mattext texttype="text/html">&lt;p&gt;D&lt;/p&gt;</mattext></material></flow_mat></response_label><response_label ident="QUES_968_1513_M5591"><flow_mat><material><mattext texttype="text/html">&lt;p&gt;E&lt;/p&gt;</mattext></material></flow_mat></response_label><response_label ident="QUES_968_1513_M5592"><flow_mat><material><mattext texttype="text/html">&lt;p&gt;F&lt;/p&gt;</mattext></material></flow_mat></response_label></flow_label></render_choice></response_grp></flow></presentation><resprocessing><outcomes><decvar vartype="Integer" defaultval="0" varname="D2L_Correct" minvalue="0" maxvalue="100" /><decvar vartype="Integer" defaultval="0" varname="D2L_Incorrect" minvalue="0" maxvalue="100" /><decvar vartype="Decimal" defaultval="0" varname="que_score" minvalue="0" maxvalue="100" /></outcomes><respcondition><conditionvar><varequal respident="QUES_968_1513_C5593">QUES_968_1513_M5587</varequal></conditionvar><setvar varname="D2L_Correct" action="Add">1</setvar></respcondition><respcondition><conditionvar><varequal respident="QUES_968_1513_C5593">QUES_968_1513_M5588</varequal></conditionvar><setvar varname="D2L_Incorrect" action="Add">1</setvar></respcondition><respcondition><conditionvar><varequal respident="QUES_968_1513_C5593">QUES_968_1513_M5589</varequal></conditionvar><setvar varname="D2L_Incorrect" action="Add">1</setvar></respcondition><respcondition><conditionvar><varequal respident="QUES_968_1513_C5593">QUES_968_1513_M5590</varequal></conditionvar><setvar varname="D2L_Incorrect" action="Add">1</setvar></respcondition><respcondition><conditionvar><varequal respident="QUES_968_1513_C5593">QUES_968_1513_M5591</varequal></conditionvar><setvar varname="D2L_Incorrect" action="Add">1</setvar></respcondition><respcondition><conditionvar><varequal respident="QUES_968_1513_C5593">QUES_968_1513_M5592</varequal></conditionvar><setvar varname="D2L_Incorrect" action="Add">1</setvar></respcondition><respcondition><conditionvar><varequal respident="QUES_968_1513_C5594">QUES_968_1513_M5587</varequal></conditionvar><setvar varname="D2L_Incorrect" action="Add">1</setvar></respcondition><respcondition><conditionvar><varequal respident="QUES_968_1513_C5594">QUES_968_1513_M5588</varequal></conditionvar><setvar varname="D2L_Correct" action="Add">1</setvar></respcondition><respcondition><conditionvar><varequal respident="QUES_968_1513_C5594">QUES_968_1513_M5589</varequal></conditionvar><setvar varname="D2L_Incorrect" action="Add">1</setvar></respcondition><respcondition><conditionvar><varequal respident="QUES_968_1513_C5594">QUES_968_1513_M5590</varequal></conditionvar><setvar varname="D2L_Incorrect" action="Add">1</setvar></respcondition><respcondition><conditionvar><varequal respident="QUES_968_1513_C5594">QUES_968_1513_M5591</varequal></conditionvar><setvar varname="D2L_Incorrect" action="Add">1</setvar></respcondition><respcondition><conditionvar><varequal respident="QUES_968_1513_C5594">QUES_968_1513_M5592</varequal></conditionvar><setvar varname="D2L_Incorrect" action="Add">1</setvar></respcondition><respcondition><conditionvar><varequal respident="QUES_968_1513_C5595">QUES_968_1513_M5587</varequal></conditionvar><setvar varname="D2L_Incorrect" action="Add">1</setvar></respcondition><respcondition><conditionvar><varequal respident="QUES_968_1513_C5595">QUES_968_1513_M5588</varequal></conditionvar><setvar varname="D2L_Incorrect" action="Add">1</setvar></respcondition><respcondition><conditionvar><varequal respident="QUES_968_1513_C5595">QUES_968_1513_M5589</varequal></conditionvar><setvar varname="D2L_Correct" action="Add">1</setvar></respcondition><respcondition><conditionvar><varequal respident="QUES_968_1513_C5595">QUES_968_1513_M5590</varequal></conditionvar><setvar varname="D2L_Incorrect" action="Add">1</setvar></respcondition><respcondition><conditionvar><varequal respident="QUES_968_1513_C5595">QUES_968_1513_M5591</varequal></conditionvar><setvar varname="D2L_Incorrect" action="Add">1</setvar></respcondition><respcondition><conditionvar><varequal respident="QUES_968_1513_C5595">QUES_968_1513_M5592</varequal></conditionvar><setvar varname="D2L_Incorrect" action="Add">1</setvar></respcondition><respcondition><conditionvar><varequal respident="QUES_968_1513_C5596">QUES_968_1513_M5587</varequal></conditionvar><setvar varname="D2L_Incorrect" action="Add">1</setvar></respcondition><respcondition><conditionvar><varequal respident="QUES_968_1513_C5596">QUES_968_1513_M5588</varequal></conditionvar><setvar varname="D2L_Incorrect" action="Add">1</setvar></respcondition><respcondition><conditionvar><varequal respident="QUES_968_1513_C5596">QUES_968_1513_M5589</varequal></conditionvar><setvar varname="D2L_Incorrect" action="Add">1</setvar></respcondition><respcondition><conditionvar><varequal respident="QUES_968_1513_C5596">QUES_968_1513_M5590</varequal></conditionvar><setvar varname="D2L_Correct" action="Add">1</setvar></respcondition><respcondition><conditionvar><varequal respident="QUES_968_1513_C5596">QUES_968_1513_M5591</varequal></conditionvar><setvar varname="D2L_Incorrect" action="Add">1</setvar></respcondition><respcondition><conditionvar><varequal respident="QUES_968_1513_C5596">QUES_968_1513_M5592</varequal></conditionvar><setvar varname="D2L_Incorrect" action="Add">1</setvar></respcondition><respcondition><conditionvar><varequal respident="QUES_968_1513_C5597">QUES_968_1513_M5587</varequal></conditionvar><setvar varname="D2L_Incorrect" action="Add">1</setvar></respcondition><respcondition><conditionvar><varequal respident="QUES_968_1513_C5597">QUES_968_1513_M5588</varequal></conditionvar><setvar varname="D2L_Incorrect" action="Add">1</setvar></respcondition><respcondition><conditionvar><varequal respident="QUES_968_1513_C5597">QUES_968_1513_M5589</varequal></conditionvar><setvar varname="D2L_Incorrect" action="Add">1</setvar></respcondition><respcondition><conditionvar><varequal respident="QUES_968_1513_C5597">QUES_968_1513_M5590</varequal></conditionvar><setvar varname="D2L_Incorrect" action="Add">1</setvar></respcondition><respcondition><conditionvar><varequal respident="QUES_968_1513_C5597">QUES_968_1513_M5591</varequal></conditionvar><setvar varname="D2L_Correct" action="Add">1</setvar></respcondition><respcondition><conditionvar><varequal respident="QUES_968_1513_C5597">QUES_968_1513_M5592</varequal></conditionvar><setvar varname="D2L_Incorrect" action="Add">1</setvar></respcondition><respcondition><conditionvar><varequal respident="QUES_968_1513_C5598">QUES_968_1513_M5587</varequal></conditionvar><setvar varname="D2L_Incorrect" action="Add">1</setvar></respcondition><respcondition><conditionvar><varequal respident="QUES_968_1513_C5598">QUES_968_1513_M5588</varequal></conditionvar><setvar varname="D2L_Incorrect" action="Add">1</setvar></respcondition><respcondition><conditionvar><varequal respident="QUES_968_1513_C5598">QUES_968_1513_M5589</varequal></conditionvar><setvar varname="D2L_Incorrect" action="Add">1</setvar></respcondition><respcondition><conditionvar><varequal respident="QUES_968_1513_C5598">QUES_968_1513_M5590</varequal></conditionvar><setvar varname="D2L_Incorrect" action="Add">1</setvar></respcondition><respcondition><conditionvar><varequal respident="QUES_968_1513_C5598">QUES_968_1513_M5591</varequal></conditionvar><setvar varname="D2L_Incorrect" action="Add">1</setvar></respcondition><respcondition><conditionvar><varequal respident="QUES_968_1513_C5598">QUES_968_1513_M5592</varequal></conditionvar><setvar varname="D2L_Correct" action="Add">1</setvar></respcondition><respcondition><conditionvar><vargte respident="D2L_Incorrect">0</vargte></conditionvar><setvar varname="que_score" action="Set">0</setvar></respcondition><respcondition><conditionvar><varequal respident="D2L_Incorrect">0</varequal></conditionvar><setvar varname="que_score" action="Set">1</setvar></respcondition></resprocessing></item><item ident="OBJ_2640" label="QUES_969_1514" d2l_2p0:page="6" title="O6"><itemmetadata><qtimetadata><qti_metadatafield><fieldlabel>qmd_computerscored</fieldlabel><fieldentry>yes</fieldentry></qti_metadatafield><qti_metadatafield><fieldlabel>qmd_questiontype</fieldlabel><fieldentry>Matching</fieldentry></qti_metadatafield><qti_metadatafield><fieldlabel>qmd_weighting</fieldlabel><fieldentry>2.000000000</fieldentry></qti_metadatafield><qti_metadatafield><fieldlabel>qmd_globalid</fieldlabel><fieldentry>6203a65c-1529-4bc4-aadf-ca026b0aacab</fieldentry></qti_metadatafield><qti_metadatafield><fieldlabel>qmd_displayid</fieldlabel><fieldentry>162-14</fieldentry></qti_metadatafield></qtimetadata></itemmetadata><itemproc_extension><d2l_2p0:difficulty>3</d2l_2p0:difficulty><d2l_2p0:isbonus>no</d2l_2p0:isbonus><d2l_2p0:ismandatory>no</d2l_2p0:ismandatory></itemproc_extension><presentation><flow><material><mattext texttype="text/html">&lt;p&gt;O6&lt;/p&gt;</mattext></material><response_extension><d2l_2p0:grading_type>1</d2l_2p0:grading_type></response_extension><response_grp respident="QUES_969_1514_C5605" rcardinality="Single"><material><mattext texttype="text/html">&lt;p&gt;A&lt;/p&gt;</mattext></material><render_choice shuffle="yes"><flow_label class="Block"><response_label ident="QUES_969_1514_M5599"><flow_mat><material><mattext texttype="text/html">&lt;p&gt;A&lt;/p&gt;</mattext></material></flow_mat></response_label><response_label ident="QUES_969_1514_M5600"><flow_mat><material><mattext texttype="text/html">&lt;p&gt;B&lt;/p&gt;</mattext></material></flow_mat></response_label><response_label ident="QUES_969_1514_M5601"><flow_mat><material><mattext texttype="text/html">&lt;p&gt;C&lt;/p&gt;</mattext></material></flow_mat></response_label><response_label ident="QUES_969_1514_M5602"><flow_mat><material><mattext texttype="text/html">&lt;p&gt;D&lt;/p&gt;</mattext></material></flow_mat></response_label><response_label ident="QUES_969_1514_M5603"><flow_mat><material><mattext texttype="text/html">&lt;p&gt;E&lt;/p&gt;</mattext></material></flow_mat></response_label><response_label ident="QUES_969_1514_M5604"><flow_mat><material><mattext texttype="text/html">&lt;p&gt;F&lt;/p&gt;</mattext></material></flow_mat></response_label></flow_label></render_choice></response_grp><response_grp respident="QUES_969_1514_C5606" rcardinality="Single"><material><mattext texttype="text/html">&lt;p&gt;B&lt;/p&gt;</mattext></material><render_choice shuffle="yes"><flow_label class="Block"><response_label ident="QUES_969_1514_M5599"><flow_mat><material><mattext texttype="text/html">&lt;p&gt;A&lt;/p&gt;</mattext></material></flow_mat></response_label><response_label ident="QUES_969_1514_M5600"><flow_mat><material><mattext texttype="text/html">&lt;p&gt;B&lt;/p&gt;</mattext></material></flow_mat></response_label><response_label ident="QUES_969_1514_M5601"><flow_mat><material><mattext texttype="text/html">&lt;p&gt;C&lt;/p&gt;</mattext></material></flow_mat></response_label><response_label ident="QUES_969_1514_M5602"><flow_mat><material><mattext texttype="text/html">&lt;p&gt;D&lt;/p&gt;</mattext></material></flow_mat></response_label><response_label ident="QUES_969_1514_M5603"><flow_mat><material><mattext texttype="text/html">&lt;p&gt;E&lt;/p&gt;</mattext></material></flow_mat></response_label><response_label ident="QUES_969_1514_M5604"><flow_mat><material><mattext texttype="text/html">&lt;p&gt;F&lt;/p&gt;</mattext></material></flow_mat></response_label></flow_label></render_choice></response_grp><response_grp respident="QUES_969_1514_C5607" rcardinality="Single"><material><mattext texttype="text/html">&lt;p&gt;C&lt;/p&gt;</mattext></material><render_choice shuffle="yes"><flow_label class="Block"><response_label ident="QUES_969_1514_M5599"><flow_mat><material><mattext texttype="text/html">&lt;p&gt;A&lt;/p&gt;</mattext></material></flow_mat></response_label><response_label ident="QUES_969_1514_M5600"><flow_mat><material><mattext texttype="text/html">&lt;p&gt;B&lt;/p&gt;</mattext></material></flow_mat></response_label><response_label ident="QUES_969_1514_M5601"><flow_mat><material><mattext texttype="text/html">&lt;p&gt;C&lt;/p&gt;</mattext></material></flow_mat></response_label><response_label ident="QUES_969_1514_M5602"><flow_mat><material><mattext texttype="text/html">&lt;p&gt;D&lt;/p&gt;</mattext></material></flow_mat></response_label><response_label ident="QUES_969_1514_M5603"><flow_mat><material><mattext texttype="text/html">&lt;p&gt;E&lt;/p&gt;</mattext></material></flow_mat></response_label><response_label ident="QUES_969_1514_M5604"><flow_mat><material><mattext texttype="text/html">&lt;p&gt;F&lt;/p&gt;</mattext></material></flow_mat></response_label></flow_label></render_choice></response_grp><response_grp respident="QUES_969_1514_C5608" rcardinality="Single"><material><mattext texttype="text/html">&lt;p&gt;D&lt;/p&gt;</mattext></material><render_choice shuffle="yes"><flow_label class="Block"><response_label ident="QUES_969_1514_M5599"><flow_mat><material><mattext texttype="text/html">&lt;p&gt;A&lt;/p&gt;</mattext></material></flow_mat></response_label><response_label ident="QUES_969_1514_M5600"><flow_mat><material><mattext texttype="text/html">&lt;p&gt;B&lt;/p&gt;</mattext></material></flow_mat></response_label><response_label ident="QUES_969_1514_M5601"><flow_mat><material><mattext texttype="text/html">&lt;p&gt;C&lt;/p&gt;</mattext></material></flow_mat></response_label><response_label ident="QUES_969_1514_M5602"><flow_mat><material><mattext texttype="text/html">&lt;p&gt;D&lt;/p&gt;</mattext></material></flow_mat></response_label><response_label ident="QUES_969_1514_M5603"><flow_mat><material><mattext texttype="text/html">&lt;p&gt;E&lt;/p&gt;</mattext></material></flow_mat></response_label><response_label ident="QUES_969_1514_M5604"><flow_mat><material><mattext texttype="text/html">&lt;p&gt;F&lt;/p&gt;</mattext></material></flow_mat></response_label></flow_label></render_choice></response_grp><response_grp respident="QUES_969_1514_C5609" rcardinality="Single"><material><mattext texttype="text/html">&lt;p&gt;E&lt;/p&gt;</mattext></material><render_choice shuffle="yes"><flow_label class="Block"><response_label ident="QUES_969_1514_M5599"><flow_mat><material><mattext texttype="text/html">&lt;p&gt;A&lt;/p&gt;</mattext></material></flow_mat></response_label><response_label ident="QUES_969_1514_M5600"><flow_mat><material><mattext texttype="text/html">&lt;p&gt;B&lt;/p&gt;</mattext></material></flow_mat></response_label><response_label ident="QUES_969_1514_M5601"><flow_mat><material><mattext texttype="text/html">&lt;p&gt;C&lt;/p&gt;</mattext></material></flow_mat></response_label><response_label ident="QUES_969_1514_M5602"><flow_mat><material><mattext texttype="text/html">&lt;p&gt;D&lt;/p&gt;</mattext></material></flow_mat></response_label><response_label ident="QUES_969_1514_M5603"><flow_mat><material><mattext texttype="text/html">&lt;p&gt;E&lt;/p&gt;</mattext></material></flow_mat></response_label><response_label ident="QUES_969_1514_M5604"><flow_mat><material><mattext texttype="text/html">&lt;p&gt;F&lt;/p&gt;</mattext></material></flow_mat></response_label></flow_label></render_choice></response_grp><response_grp respident="QUES_969_1514_C5610" rcardinality="Single"><material><mattext texttype="text/html">&lt;p&gt;F&lt;/p&gt;</mattext></material><render_choice shuffle="yes"><flow_label class="Block"><response_label ident="QUES_969_1514_M5599"><flow_mat><material><mattext texttype="text/html">&lt;p&gt;A&lt;/p&gt;</mattext></material></flow_mat></response_label><response_label ident="QUES_969_1514_M5600"><flow_mat><material><mattext texttype="text/html">&lt;p&gt;B&lt;/p&gt;</mattext></material></flow_mat></response_label><response_label ident="QUES_969_1514_M5601"><flow_mat><material><mattext texttype="text/html">&lt;p&gt;C&lt;/p&gt;</mattext></material></flow_mat></response_label><response_label ident="QUES_969_1514_M5602"><flow_mat><material><mattext texttype="text/html">&lt;p&gt;D&lt;/p&gt;</mattext></material></flow_mat></response_label><response_label ident="QUES_969_1514_M5603"><flow_mat><material><mattext texttype="text/html">&lt;p&gt;E&lt;/p&gt;</mattext></material></flow_mat></response_label><response_label ident="QUES_969_1514_M5604"><flow_mat><material><mattext texttype="text/html">&lt;p&gt;F&lt;/p&gt;</mattext></material></flow_mat></response_label></flow_label></render_choice></response_grp></flow></presentation><resprocessing><outcomes><decvar vartype="Integer" defaultval="0" varname="D2L_Correct" minvalue="0" maxvalue="100" /><decvar vartype="Integer" defaultval="0" varname="D2L_Incorrect" minvalue="0" maxvalue="100" /><decvar vartype="Decimal" defaultval="0" varname="que_score" minvalue="0" maxvalue="100" /></outcomes><respcondition><conditionvar><varequal respident="QUES_969_1514_C5605">QUES_969_1514_M5599</varequal></conditionvar><setvar varname="D2L_Correct" action="Add">1</setvar></respcondition><respcondition><conditionvar><varequal respident="QUES_969_1514_C5605">QUES_969_1514_M5600</varequal></conditionvar><setvar varname="D2L_Incorrect" action="Add">1</setvar></respcondition><respcondition><conditionvar><varequal respident="QUES_969_1514_C5605">QUES_969_1514_M5601</varequal></conditionvar><setvar varname="D2L_Incorrect" action="Add">1</setvar></respcondition><respcondition><conditionvar><varequal respident="QUES_969_1514_C5605">QUES_969_1514_M5602</varequal></conditionvar><setvar varname="D2L_Incorrect" action="Add">1</setvar></respcondition><respcondition><conditionvar><varequal respident="QUES_969_1514_C5605">QUES_969_1514_M5603</varequal></conditionvar><setvar varname="D2L_Incorrect" action="Add">1</setvar></respcondition><respcondition><conditionvar><varequal respident="QUES_969_1514_C5605">QUES_969_1514_M5604</varequal></conditionvar><setvar varname="D2L_Incorrect" action="Add">1</setvar></respcondition><respcondition><conditionvar><varequal respident="QUES_969_1514_C5606">QUES_969_1514_M5599</varequal></conditionvar><setvar varname="D2L_Incorrect" action="Add">1</setvar></respcondition><respcondition><conditionvar><varequal respident="QUES_969_1514_C5606">QUES_969_1514_M5600</varequal></conditionvar><setvar varname="D2L_Correct" action="Add">1</setvar></respcondition><respcondition><conditionvar><varequal respident="QUES_969_1514_C5606">QUES_969_1514_M5601</varequal></conditionvar><setvar varname="D2L_Incorrect" action="Add">1</setvar></respcondition><respcondition><conditionvar><varequal respident="QUES_969_1514_C5606">QUES_969_1514_M5602</varequal></conditionvar><setvar varname="D2L_Incorrect" action="Add">1</setvar></respcondition><respcondition><conditionvar><varequal respident="QUES_969_1514_C5606">QUES_969_1514_M5603</varequal></conditionvar><setvar varname="D2L_Incorrect" action="Add">1</setvar></respcondition><respcondition><conditionvar><varequal respident="QUES_969_1514_C5606">QUES_969_1514_M5604</varequal></conditionvar><setvar varname="D2L_Incorrect" action="Add">1</setvar></respcondition><respcondition><conditionvar><varequal respident="QUES_969_1514_C5607">QUES_969_1514_M5599</varequal></conditionvar><setvar varname="D2L_Incorrect" action="Add">1</setvar></respcondition><respcondition><conditionvar><varequal respident="QUES_969_1514_C5607">QUES_969_1514_M5600</varequal></conditionvar><setvar varname="D2L_Incorrect" action="Add">1</setvar></respcondition><respcondition><conditionvar><varequal respident="QUES_969_1514_C5607">QUES_969_1514_M5601</varequal></conditionvar><setvar varname="D2L_Correct" action="Add">1</setvar></respcondition><respcondition><conditionvar><varequal respident="QUES_969_1514_C5607">QUES_969_1514_M5602</varequal></conditionvar><setvar varname="D2L_Incorrect" action="Add">1</setvar></respcondition><respcondition><conditionvar><varequal respident="QUES_969_1514_C5607">QUES_969_1514_M5603</varequal></conditionvar><setvar varname="D2L_Incorrect" action="Add">1</setvar></respcondition><respcondition><conditionvar><varequal respident="QUES_969_1514_C5607">QUES_969_1514_M5604</varequal></conditionvar><setvar varname="D2L_Incorrect" action="Add">1</setvar></respcondition><respcondition><conditionvar><varequal respident="QUES_969_1514_C5608">QUES_969_1514_M5599</varequal></conditionvar><setvar varname="D2L_Incorrect" action="Add">1</setvar></respcondition><respcondition><conditionvar><varequal respident="QUES_969_1514_C5608">QUES_969_1514_M5600</varequal></conditionvar><setvar varname="D2L_Incorrect" action="Add">1</setvar></respcondition><respcondition><conditionvar><varequal respident="QUES_969_1514_C5608">QUES_969_1514_M5601</varequal></conditionvar><setvar varname="D2L_Incorrect" action="Add">1</setvar></respcondition><respcondition><conditionvar><varequal respident="QUES_969_1514_C5608">QUES_969_1514_M5602</varequal></conditionvar><setvar varname="D2L_Correct" action="Add">1</setvar></respcondition><respcondition><conditionvar><varequal respident="QUES_969_1514_C5608">QUES_969_1514_M5603</varequal></conditionvar><setvar varname="D2L_Incorrect" action="Add">1</setvar></respcondition><respcondition><conditionvar><varequal respident="QUES_969_1514_C5608">QUES_969_1514_M5604</varequal></conditionvar><setvar varname="D2L_Incorrect" action="Add">1</setvar></respcondition><respcondition><conditionvar><varequal respident="QUES_969_1514_C5609">QUES_969_1514_M5599</varequal></conditionvar><setvar varname="D2L_Incorrect" action="Add">1</setvar></respcondition><respcondition><conditionvar><varequal respident="QUES_969_1514_C5609">QUES_969_1514_M5600</varequal></conditionvar><setvar varname="D2L_Incorrect" action="Add">1</setvar></respcondition><respcondition><conditionvar><varequal respident="QUES_969_1514_C5609">QUES_969_1514_M5601</varequal></conditionvar><setvar varname="D2L_Incorrect" action="Add">1</setvar></respcondition><respcondition><conditionvar><varequal respident="QUES_969_1514_C5609">QUES_969_1514_M5602</varequal></conditionvar><setvar varname="D2L_Incorrect" action="Add">1</setvar></respcondition><respcondition><conditionvar><varequal respident="QUES_969_1514_C5609">QUES_969_1514_M5603</varequal></conditionvar><setvar varname="D2L_Correct" action="Add">1</setvar></respcondition><respcondition><conditionvar><varequal respident="QUES_969_1514_C5609">QUES_969_1514_M5604</varequal></conditionvar><setvar varname="D2L_Incorrect" action="Add">1</setvar></respcondition><respcondition><conditionvar><varequal respident="QUES_969_1514_C5610">QUES_969_1514_M5599</varequal></conditionvar><setvar varname="D2L_Incorrect" action="Add">1</setvar></respcondition><respcondition><conditionvar><varequal respident="QUES_969_1514_C5610">QUES_969_1514_M5600</varequal></conditionvar><setvar varname="D2L_Incorrect" action="Add">1</setvar></respcondition><respcondition><conditionvar><varequal respident="QUES_969_1514_C5610">QUES_969_1514_M5601</varequal></conditionvar><setvar varname="D2L_Incorrect" action="Add">1</setvar></respcondition><respcondition><conditionvar><varequal respident="QUES_969_1514_C5610">QUES_969_1514_M5602</varequal></conditionvar><setvar varname="D2L_Incorrect" action="Add">1</setvar></respcondition><respcondition><conditionvar><varequal respident="QUES_969_1514_C5610">QUES_969_1514_M5603</varequal></conditionvar><setvar varname="D2L_Incorrect" action="Add">1</setvar></respcondition><respcondition><conditionvar><varequal respident="QUES_969_1514_C5610">QUES_969_1514_M5604</varequal></conditionvar><setvar varname="D2L_Correct" action="Add">1</setvar></respcondition><respcondition><conditionvar><vargte respident="D2L_Incorrect">0</vargte></conditionvar><setvar varname="que_score" action="Set">0</setvar></respcondition><respcondition><conditionvar><varequal respident="D2L_Incorrect">0</varequal></conditionvar><setvar varname="que_score" action="Set">1</setvar></respcondition></resprocessing></item><item ident="OBJ_2641" label="QUES_970_1515" d2l_2p0:page="7" title="O7"><itemmetadata><qtimetadata><qti_metadatafield><fieldlabel>qmd_computerscored</fieldlabel><fieldentry>yes</fieldentry></qti_metadatafield><qti_metadatafield><fieldlabel>qmd_questiontype</fieldlabel><fieldentry>Multiple Choice</fieldentry></qti_metadatafield><qti_metadatafield><fieldlabel>qmd_weighting</fieldlabel><fieldentry>2.000000000</fieldentry></qti_metadatafield><qti_metadatafield><fieldlabel>qmd_globalid</fieldlabel><fieldentry>c109ad1a-cdaf-44bc-a6ba-9156cc0ba036</fieldentry></qti_metadatafield><qti_metadatafield><fieldlabel>qmd_displayid</fieldlabel><fieldentry>162-15</fieldentry></qti_metadatafield></qtimetadata></itemmetadata><itemproc_extension><d2l_2p0:difficulty>3</d2l_2p0:difficulty><d2l_2p0:isbonus>no</d2l_2p0:isbonus><d2l_2p0:ismandatory>no</d2l_2p0:ismandatory></itemproc_extension><presentation><flow><material><mattext texttype="text/html">&lt;p&gt;O7&lt;/p&gt;</mattext></material><response_extension><d2l_2p0:display_style>2</d2l_2p0:display_style><d2l_2p0:enumeration>6</d2l_2p0:enumeration><d2l_2p0:grading_type>0</d2l_2p0:grading_type></response_extension><response_lid ident="QUES_970_1515_LID" rcardinality="Single"><render_choice shuffle="yes"><flow_label class="Block"><response_label ident="QUES_970_1515_A5611"><flow_mat><material><mattext texttype="text/html">&lt;p&gt;Yes&lt;/p&gt;</mattext></material></flow_mat></response_label></flow_label><flow_label class="Block"><response_label ident="QUES_970_1515_A5612"><flow_mat><material><mattext texttype="text/html">&lt;p&gt;No&lt;/p&gt;</mattext></material></flow_mat></response_label></flow_label><flow_label class="Block"><response_label ident="QUES_970_1515_A5613"><flow_mat><material><mattext texttype="text/html">&lt;p&gt;No&lt;/p&gt;</mattext></material></flow_mat></response_label></flow_label><flow_label class="Block"><response_label ident="QUES_970_1515_A5614"><flow_mat><material><mattext texttype="text/html">&lt;p&gt;No&lt;/p&gt;</mattext></material></flow_mat></response_label></flow_label></render_choice></response_lid></flow></presentation><resprocessing><respcondition title="Response Condition 1"><conditionvar><varequal respident="QUES_970_1515_LID">QUES_970_1515_A5611</varequal></conditionvar><setvar action="Set">100.000000000</setvar><displayfeedback feedbacktype="Response" linkrefid="QUES_970_1515_IF5611" /></respcondition><respcondition title="Response Condition 2"><conditionvar><varequal respident="QUES_970_1515_LID">QUES_970_1515_A5612</varequal></conditionvar><setvar action="Set">0.000000000</setvar><displayfeedback feedbacktype="Response" linkrefid="QUES_970_1515_IF5612" /></respcondition><respcondition title="Response Condition 3"><conditionvar><varequal respident="QUES_970_1515_LID">QUES_970_1515_A5613</varequal></conditionvar><setvar action="Set">0.000000000</setvar><displayfeedback feedbacktype="Response" linkrefid="QUES_970_1515_IF5613" /></respcondition><respcondition title="Response Condition 4"><conditionvar><varequal respident="QUES_970_1515_LID">QUES_970_1515_A5614</varequal></conditionvar><setvar action="Set">0.000000000</setvar><displayfeedback feedbacktype="Response" linkrefid="QUES_970_1515_IF5614" /></respcondition></resprocessing><itemfeedback ident="QUES_970_1515_IF5611"><material><mattext texttype="text/html" /></material></itemfeedback><itemfeedback ident="QUES_970_1515_IF5612"><material><mattext texttype="text/html" /></material></itemfeedback><itemfeedback ident="QUES_970_1515_IF5613"><material><mattext texttype="text/html" /></material></itemfeedback><itemfeedback ident="QUES_970_1515_IF5614"><material><mattext texttype="text/html" /></material></itemfeedback></item><item ident="OBJ_2642" label="QUES_971_1516" d2l_2p0:page="8" title="O8"><itemmetadata><qtimetadata><qti_metadatafield><fieldlabel>qmd_computerscored</fieldlabel><fieldentry>yes</fieldentry></qti_metadatafield><qti_metadatafield><fieldlabel>qmd_questiontype</fieldlabel><fieldentry>Multiple Choice</fieldentry></qti_metadatafield><qti_metadatafield><fieldlabel>qmd_weighting</fieldlabel><fieldentry>2.000000000</fieldentry></qti_metadatafield><qti_metadatafield><fieldlabel>qmd_globalid</fieldlabel><fieldentry>5d80b290-0368-4bf7-85bc-6ada5cf55179</fieldentry></qti_metadatafield><qti_metadatafield><fieldlabel>qmd_displayid</fieldlabel><fieldentry>162-16</fieldentry></qti_metadatafield></qtimetadata></itemmetadata><itemproc_extension><d2l_2p0:difficulty>4</d2l_2p0:difficulty><d2l_2p0:isbonus>no</d2l_2p0:isbonus><d2l_2p0:ismandatory>no</d2l_2p0:ismandatory></itemproc_extension><presentation><flow><material><mattext texttype="text/html">&lt;p&gt;O8&lt;/p&gt;</mattext></material><response_extension><d2l_2p0:display_style>2</d2l_2p0:display_style><d2l_2p0:enumeration>6</d2l_2p0:enumeration><d2l_2p0:grading_type>0</d2l_2p0:grading_type></response_extension><response_lid ident="QUES_971_1516_LID" rcardinality="Single"><render_choice shuffle="yes"><flow_label class="Block"><response_label ident="QUES_971_1516_A5615"><flow_mat><material><mattext texttype="text/html">&lt;p&gt;Yes&lt;/p&gt;</mattext></material></flow_mat></response_label></flow_label><flow_label class="Block"><response_label ident="QUES_971_1516_A5616"><flow_mat><material><mattext texttype="text/html">&lt;p&gt;No&lt;/p&gt;</mattext></material></flow_mat></response_label></flow_label><flow_label class="Block"><response_label ident="QUES_971_1516_A5617"><flow_mat><material><mattext texttype="text/html">&lt;p&gt;No&lt;/p&gt;</mattext></material></flow_mat></response_label></flow_label><flow_label class="Block"><response_label ident="QUES_971_1516_A5618"><flow_mat><material><mattext texttype="text/html">&lt;p&gt;No&lt;/p&gt;</mattext></material></flow_mat></response_label></flow_label></render_choice></response_lid></flow></presentation><resprocessing><respcondition title="Response Condition 1"><conditionvar><varequal respident="QUES_971_1516_LID">QUES_971_1516_A5615</varequal></conditionvar><setvar action="Set">100.000000000</setvar><displayfeedback feedbacktype="Response" linkrefid="QUES_971_1516_IF5615" /></respcondition><respcondition title="Response Condition 2"><conditionvar><varequal respident="QUES_971_1516_LID">QUES_971_1516_A5616</varequal></conditionvar><setvar action="Set">0.000000000</setvar><displayfeedback feedbacktype="Response" linkrefid="QUES_971_1516_IF5616" /></respcondition><respcondition title="Response Condition 3"><conditionvar><varequal respident="QUES_971_1516_LID">QUES_971_1516_A5617</varequal></conditionvar><setvar action="Set">0.000000000</setvar><displayfeedback feedbacktype="Response" linkrefid="QUES_971_1516_IF5617" /></respcondition><respcondition title="Response Condition 4"><conditionvar><varequal respident="QUES_971_1516_LID">QUES_971_1516_A5618</varequal></conditionvar><setvar action="Set">0.000000000</setvar><displayfeedback feedbacktype="Response" linkrefid="QUES_971_1516_IF5618" /></respcondition></resprocessing><itemfeedback ident="QUES_971_1516_IF5615"><material><mattext texttype="text/html" /></material></itemfeedback><itemfeedback ident="QUES_971_1516_IF5616"><material><mattext texttype="text/html" /></material></itemfeedback><itemfeedback ident="QUES_971_1516_IF5617"><material><mattext texttype="text/html" /></material></itemfeedback><itemfeedback ident="QUES_971_1516_IF5618"><material><mattext texttype="text/html" /></material></itemfeedback></item><item ident="OBJ_2643" label="QUES_972_1517" d2l_2p0:page="9" title="O9"><itemmetadata><qtimetadata><qti_metadatafield><fieldlabel>qmd_computerscored</fieldlabel><fieldentry>yes</fieldentry></qti_metadatafield><qti_metadatafield><fieldlabel>qmd_questiontype</fieldlabel><fieldentry>True/False</fieldentry></qti_metadatafield><qti_metadatafield><fieldlabel>qmd_weighting</fieldlabel><fieldentry>2.000000000</fieldentry></qti_metadatafield><qti_metadatafield><fieldlabel>qmd_globalid</fieldlabel><fieldentry>84810dd1-9d60-4393-acb0-bf3c0763b822</fieldentry></qti_metadatafield><qti_metadatafield><fieldlabel>qmd_displayid</fieldlabel><fieldentry>162-17</fieldentry></qti_metadatafield></qtimetadata></itemmetadata><itemproc_extension><d2l_2p0:difficulty>4</d2l_2p0:difficulty><d2l_2p0:isbonus>no</d2l_2p0:isbonus><d2l_2p0:ismandatory>no</d2l_2p0:ismandatory></itemproc_extension><presentation><flow><material><mattext texttype="text/html">&lt;p&gt;True&lt;/p&gt;</mattext></material><response_extension><d2l_2p0:display_style>2</d2l_2p0:display_style><d2l_2p0:enumeration>6</d2l_2p0:enumeration><d2l_2p0:grading_type>0</d2l_2p0:grading_type></response_extension><response_lid ident="QUES_972_1517_LID" rcardinality="Single"><render_choice shuffle="no"><flow_label class="Block"><response_label ident="QUES_972_1517_A5619"><flow_mat><material><mattext texttype="text/plain">True</mattext></material></flow_mat></response_label></flow_label><flow_label class="Block"><response_label ident="QUES_972_1517_A5620"><flow_mat><material><mattext texttype="text/plain">False</mattext></material></flow_mat></response_label></flow_label></render_choice></response_lid></flow></presentation><resprocessing><respcondition title="Response Condition 1"><conditionvar><varequal respident="QUES_972_1517_LID">QUES_972_1517_A5619</varequal></conditionvar><setvar action="Set">100.000000000</setvar><displayfeedback feedbacktype="Response" linkrefid="QUES_972_1517_IF5619" /></respcondition><respcondition title="Response Condition 2"><conditionvar><varequal respident="QUES_972_1517_LID">QUES_972_1517_A5620</varequal></conditionvar><setvar action="Set">0.000000000</setvar><displayfeedback feedbacktype="Response" linkrefid="QUES_972_1517_IF5620" /></respcondition></resprocessing><itemfeedback ident="QUES_972_1517_IF5619"><material><mattext texttype="text/html" /></material></itemfeedback><itemfeedback ident="QUES_972_1517_IF5620"><material><mattext texttype="text/html" /></material></itemfeedback></item><item ident="OBJ_2664" label="QUES_973_1528" d2l_2p0:page="10" title="O10"><itemmetadata><qtimetadata><qti_metadatafield><fieldlabel>qmd_computerscored</fieldlabel><fieldentry>yes</fieldentry></qti_metadatafield><qti_metadatafield><fieldlabel>qmd_questiontype</fieldlabel><fieldentry>Multi-Select</fieldentry></qti_metadatafield><qti_metadatafield><fieldlabel>qmd_weighting</fieldlabel><fieldentry>2.000000000</fieldentry></qti_metadatafield><qti_metadatafield><fieldlabel>qmd_globalid</fieldlabel><fieldentry>317243bc-9179-4754-88e8-c76eaa8c6b10</fieldentry></qti_metadatafield><qti_metadatafield><fieldlabel>qmd_displayid</fieldlabel><fieldentry>162-18</fieldentry></qti_metadatafield></qtimetadata></itemmetadata><itemproc_extension><d2l_2p0:difficulty>5</d2l_2p0:difficulty><d2l_2p0:isbonus>no</d2l_2p0:isbonus><d2l_2p0:ismandatory>no</d2l_2p0:ismandatory></itemproc_extension><presentation><flow><material><mattext texttype="text/html">&lt;p&gt;O10&lt;/p&gt;</mattext></material><response_extension><d2l_2p0:display_style>2</d2l_2p0:display_style><d2l_2p0:enumeration>6</d2l_2p0:enumeration><d2l_2p0:grading_type>0</d2l_2p0:grading_type></response_extension><response_lid ident="QUES_973_1528_LID" rcardinality="Multiple"><render_choice shuffle="yes"><flow_label class="Block"><response_label ident="QUES_973_1528_A5655"><flow_mat><material><mattext texttype="text/html">&lt;p&gt;Yes&lt;/p&gt;</mattext></material></flow_mat></response_label></flow_label><flow_label class="Block"><response_label ident="QUES_973_1528_A5656"><flow_mat><material><mattext texttype="text/html">&lt;p&gt;Yes&lt;/p&gt;</mattext></material></flow_mat></response_label></flow_label><flow_label class="Block"><response_label ident="QUES_973_1528_A5657"><flow_mat><material><mattext texttype="text/html">&lt;p&gt;Yes&lt;/p&gt;</mattext></material></flow_mat></response_label></flow_label><flow_label class="Block"><response_label ident="QUES_973_1528_A5658"><flow_mat><material><mattext texttype="text/html">&lt;p&gt;No&lt;/p&gt;</mattext></material></flow_mat></response_label></flow_label><flow_label class="Block"><response_label ident="QUES_973_1528_A5659"><flow_mat><material><mattext texttype="text/html">&lt;p&gt;No&lt;/p&gt;</mattext></material></flow_mat></response_label></flow_label></render_choice></response_lid></flow></presentation><resprocessing><outcomes><decvar vartype="Integer" defaultval="0" /></outcomes><respcondition title="Scoring for the correct answers" continue="yes"><conditionvar><varequal respident="QUES_973_1528_LID">QUES_973_1528_A5655</varequal><varequal respident="QUES_973_1528_LID">QUES_973_1528_A5656</varequal><varequal respident="QUES_973_1528_LID">QUES_973_1528_A5657</varequal><not><varequal respident="QUES_973_1528_LID">QUES_973_1528_A5658</varequal><varequal respident="QUES_973_1528_LID">QUES_973_1528_A5659</varequal></not></conditionvar><setvar action="Add">1</setvar></respcondition><respcondition title="Scoring for the incorrect answers" continue="no"><conditionvar><and><not><varequal respident="QUES_973_1528_LID">QUES_973_1528_A5655</varequal><varequal respident="QUES_973_1528_LID">QUES_973_1528_A5656</varequal><varequal respident="QUES_973_1528_LID">QUES_973_1528_A5657</varequal><not><varequal respident="QUES_973_1528_LID">QUES_973_1528_A5658</varequal><varequal respident="QUES_973_1528_LID">QUES_973_1528_A5659</varequal></not></not></and></conditionvar><setvar action="Add">0</setvar></respcondition></resprocessing><itemfeedback ident="QUES_973_1528_IF5655"><material><mattext texttype="text/html" /></material></itemfeedback><itemfeedback ident="QUES_973_1528_IF5656"><material><mattext texttype="text/html" /></material></itemfeedback><itemfeedback ident="QUES_973_1528_IF5657"><material><mattext texttype="text/html" /></material></itemfeedback><itemfeedback ident="QUES_973_1528_IF5658"><material><mattext texttype="text/html" /></material></itemfeedback><itemfeedback ident="QUES_973_1528_IF5659"><material><mattext texttype="text/html" /></material></itemfeedback></item></section></assessment></questestinterop>