﻿<?xml version="1.0" encoding="UTF-8"?><questestinterop xmlns:d2l_2p0="http://desire2learn.com/xsd/d2lcp_v2p0"><assessment d2l_2p0:id="33" title="Individual Identification Plan - Full Pretest" ident="res_quiz_151" d2l_2p0:resource_code="UCO-491683"><rubric><flow_mat><material><mattext d2l_2p0:isdisplayed="no" texttype="text/html" /></material></flow_mat></rubric><assessmentcontrol hintswitch="no" solutionswitch="yes" feedbackswitch="no" /><presentation_material><flow_mat><material label="page header"><mattext d2l_2p0:isdisplayed="no" texttype="text/html" /></material><material label="page footer"><mattext d2l_2p0:isdisplayed="no" texttype="text/html" /></material></flow_mat></presentation_material><assess_procextension><d2l_2p0:intro_message d2l_2p0:isdisplayed="no" texttype="text/html" /><grade_item d2l_2p0:is_autoexport="yes" resource_code="UCO-491709">298</grade_item><d2l_2p0:disable_right_click>no</d2l_2p0:disable_right_click><d2l_2p0:disable_pager_access>no</d2l_2p0:disable_pager_access><is_active>yes</is_active><d2l_2p0:date_start /><d2l_2p0:date_end /><d2l_2p0:has_schedule_event>no</d2l_2p0:has_schedule_event><d2l_2p0:is_attempt_Rldb>no</d2l_2p0:is_attempt_Rldb><d2l_2p0:is_subview_Rldb>no</d2l_2p0:is_subview_Rldb><d2l_2p0:time_limit>10</d2l_2p0:time_limit><d2l_2p0:show_clock>no</d2l_2p0:show_clock><d2l_2p0:enforce_time_limit>no</d2l_2p0:enforce_time_limit><d2l_2p0:grace_period>5</d2l_2p0:grace_period><d2l_2p0:late_limit>0</d2l_2p0:late_limit><d2l_2p0:late_limit_data>0</d2l_2p0:late_limit_data><d2l_2p0:attempts_allowed>1</d2l_2p0:attempts_allowed><d2l_2p0:attempt_restrictions /><d2l_2p0:mark_calculation_type>1</d2l_2p0:mark_calculation_type><d2l_2p0:is_forward_only>no</d2l_2p0:is_forward_only></assess_procextension><assessfeedback title=""><rubric><flow_mat><material><mattext texttype="yes">Your quiz has been submitted successfully.</mattext></material></flow_mat></rubric><d2l_2p0:response_display_type_id>1</d2l_2p0:response_display_type_id><d2l_2p0:show_correct_answers>no</d2l_2p0:show_correct_answers><d2l_2p0:show_class_average>no</d2l_2p0:show_class_average><d2l_2p0:show_score_distribution>no</d2l_2p0:show_score_distribution></assessfeedback><section ident="CONTAINER_SECTION"><item ident="OBJ_2715" label="QUES_984_1540" d2l_2p0:page="1" title="F1"><itemmetadata><qtimetadata><qti_metadatafield><fieldlabel>qmd_computerscored</fieldlabel><fieldentry>yes</fieldentry></qti_metadatafield><qti_metadatafield><fieldlabel>qmd_questiontype</fieldlabel><fieldentry>True/False</fieldentry></qti_metadatafield><qti_metadatafield><fieldlabel>qmd_weighting</fieldlabel><fieldentry>2.000000000</fieldentry></qti_metadatafield><qti_metadatafield><fieldlabel>qmd_globalid</fieldlabel><fieldentry>82b4ebc6-2184-4194-978a-87e1e00f2712</fieldentry></qti_metadatafield><qti_metadatafield><fieldlabel>qmd_displayid</fieldlabel><fieldentry>162-39</fieldentry></qti_metadatafield></qtimetadata></itemmetadata><itemproc_extension><d2l_2p0:difficulty>1</d2l_2p0:difficulty><d2l_2p0:isbonus>no</d2l_2p0:isbonus><d2l_2p0:ismandatory>no</d2l_2p0:ismandatory></itemproc_extension><presentation><flow><material><mattext texttype="text/html">&lt;p&gt;True&lt;/p&gt;</mattext></material><response_extension><d2l_2p0:display_style>2</d2l_2p0:display_style><d2l_2p0:enumeration>6</d2l_2p0:enumeration><d2l_2p0:grading_type>0</d2l_2p0:grading_type></response_extension><response_lid ident="QUES_984_1540_LID" rcardinality="Single"><render_choice shuffle="no"><flow_label class="Block"><response_label ident="QUES_984_1540_A5695"><flow_mat><material><mattext texttype="text/plain">True</mattext></material></flow_mat></response_label></flow_label><flow_label class="Block"><response_label ident="QUES_984_1540_A5696"><flow_mat><material><mattext texttype="text/plain">False</mattext></material></flow_mat></response_label></flow_label></render_choice></response_lid></flow></presentation><resprocessing><respcondition title="Response Condition 1"><conditionvar><varequal respident="QUES_984_1540_LID">QUES_984_1540_A5695</varequal></conditionvar><setvar action="Set">100.000000000</setvar><displayfeedback feedbacktype="Response" linkrefid="QUES_984_1540_IF5695" /></respcondition><respcondition title="Response Condition 2"><conditionvar><varequal respident="QUES_984_1540_LID">QUES_984_1540_A5696</varequal></conditionvar><setvar action="Set">0.000000000</setvar><displayfeedback feedbacktype="Response" linkrefid="QUES_984_1540_IF5696" /></respcondition></resprocessing><itemfeedback ident="QUES_984_1540_IF5695"><material><mattext texttype="text/html" /></material></itemfeedback><itemfeedback ident="QUES_984_1540_IF5696"><material><mattext texttype="text/html" /></material></itemfeedback></item><item ident="OBJ_2716" label="QUES_985_1541" d2l_2p0:page="1" title="F2"><itemmetadata><qtimetadata><qti_metadatafield><fieldlabel>qmd_computerscored</fieldlabel><fieldentry>yes</fieldentry></qti_metadatafield><qti_metadatafield><fieldlabel>qmd_questiontype</fieldlabel><fieldentry>True/False</fieldentry></qti_metadatafield><qti_metadatafield><fieldlabel>qmd_weighting</fieldlabel><fieldentry>2.000000000</fieldentry></qti_metadatafield><qti_metadatafield><fieldlabel>qmd_globalid</fieldlabel><fieldentry>5087d4e9-5afa-4319-a1fb-98fd5110a7c1</fieldentry></qti_metadatafield><qti_metadatafield><fieldlabel>qmd_displayid</fieldlabel><fieldentry>162-40</fieldentry></qti_metadatafield></qtimetadata></itemmetadata><itemproc_extension><d2l_2p0:difficulty>2</d2l_2p0:difficulty><d2l_2p0:isbonus>no</d2l_2p0:isbonus><d2l_2p0:ismandatory>no</d2l_2p0:ismandatory></itemproc_extension><presentation><flow><material><mattext texttype="text/html">&lt;p&gt;False&lt;/p&gt;</mattext></material><response_extension><d2l_2p0:display_style>2</d2l_2p0:display_style><d2l_2p0:enumeration>6</d2l_2p0:enumeration><d2l_2p0:grading_type>0</d2l_2p0:grading_type></response_extension><response_lid ident="QUES_985_1541_LID" rcardinality="Single"><render_choice shuffle="no"><flow_label class="Block"><response_label ident="QUES_985_1541_A5697"><flow_mat><material><mattext texttype="text/plain">True</mattext></material></flow_mat></response_label></flow_label><flow_label class="Block"><response_label ident="QUES_985_1541_A5698"><flow_mat><material><mattext texttype="text/plain">False</mattext></material></flow_mat></response_label></flow_label></render_choice></response_lid></flow></presentation><resprocessing><respcondition title="Response Condition 1"><conditionvar><varequal respident="QUES_985_1541_LID">QUES_985_1541_A5697</varequal></conditionvar><setvar action="Set">0.000000000</setvar><displayfeedback feedbacktype="Response" linkrefid="QUES_985_1541_IF5697" /></respcondition><respcondition title="Response Condition 2"><conditionvar><varequal respident="QUES_985_1541_LID">QUES_985_1541_A5698</varequal></conditionvar><setvar action="Set">100.000000000</setvar><displayfeedback feedbacktype="Response" linkrefid="QUES_985_1541_IF5698" /></respcondition></resprocessing><itemfeedback ident="QUES_985_1541_IF5697"><material><mattext texttype="text/html" /></material></itemfeedback><itemfeedback ident="QUES_985_1541_IF5698"><material><mattext texttype="text/html" /></material></itemfeedback></item><item ident="OBJ_2717" label="QUES_986_1542" d2l_2p0:page="1" title="F3"><itemmetadata><qtimetadata><qti_metadatafield><fieldlabel>qmd_computerscored</fieldlabel><fieldentry>yes</fieldentry></qti_metadatafield><qti_metadatafield><fieldlabel>qmd_questiontype</fieldlabel><fieldentry>True/False</fieldentry></qti_metadatafield><qti_metadatafield><fieldlabel>qmd_weighting</fieldlabel><fieldentry>2.000000000</fieldentry></qti_metadatafield><qti_metadatafield><fieldlabel>qmd_globalid</fieldlabel><fieldentry>887cdc7d-fed2-46a7-ae12-dc46fd649b80</fieldentry></qti_metadatafield><qti_metadatafield><fieldlabel>qmd_displayid</fieldlabel><fieldentry>162-41</fieldentry></qti_metadatafield></qtimetadata></itemmetadata><itemproc_extension><d2l_2p0:difficulty>3</d2l_2p0:difficulty><d2l_2p0:isbonus>no</d2l_2p0:isbonus><d2l_2p0:ismandatory>no</d2l_2p0:ismandatory></itemproc_extension><presentation><flow><material><mattext texttype="text/html">&lt;p&gt;True&lt;/p&gt;</mattext></material><response_extension><d2l_2p0:display_style>2</d2l_2p0:display_style><d2l_2p0:enumeration>6</d2l_2p0:enumeration><d2l_2p0:grading_type>0</d2l_2p0:grading_type></response_extension><response_lid ident="QUES_986_1542_LID" rcardinality="Single"><render_choice shuffle="no"><flow_label class="Block"><response_label ident="QUES_986_1542_A5699"><flow_mat><material><mattext texttype="text/plain">True</mattext></material></flow_mat></response_label></flow_label><flow_label class="Block"><response_label ident="QUES_986_1542_A5700"><flow_mat><material><mattext texttype="text/plain">False</mattext></material></flow_mat></response_label></flow_label></render_choice></response_lid></flow></presentation><resprocessing><respcondition title="Response Condition 1"><conditionvar><varequal respident="QUES_986_1542_LID">QUES_986_1542_A5699</varequal></conditionvar><setvar action="Set">100.000000000</setvar><displayfeedback feedbacktype="Response" linkrefid="QUES_986_1542_IF5699" /></respcondition><respcondition title="Response Condition 2"><conditionvar><varequal respident="QUES_986_1542_LID">QUES_986_1542_A5700</varequal></conditionvar><setvar action="Set">0.000000000</setvar><displayfeedback feedbacktype="Response" linkrefid="QUES_986_1542_IF5700" /></respcondition></resprocessing><itemfeedback ident="QUES_986_1542_IF5699"><material><mattext texttype="text/html" /></material></itemfeedback><itemfeedback ident="QUES_986_1542_IF5700"><material><mattext texttype="text/html" /></material></itemfeedback></item><item ident="OBJ_2718" label="QUES_987_1543" d2l_2p0:page="1" title="F4"><itemmetadata><qtimetadata><qti_metadatafield><fieldlabel>qmd_computerscored</fieldlabel><fieldentry>yes</fieldentry></qti_metadatafield><qti_metadatafield><fieldlabel>qmd_questiontype</fieldlabel><fieldentry>Multiple Choice</fieldentry></qti_metadatafield><qti_metadatafield><fieldlabel>qmd_weighting</fieldlabel><fieldentry>2.000000000</fieldentry></qti_metadatafield><qti_metadatafield><fieldlabel>qmd_globalid</fieldlabel><fieldentry>3819ee4f-4caf-482c-8e56-622c2909bf74</fieldentry></qti_metadatafield><qti_metadatafield><fieldlabel>qmd_displayid</fieldlabel><fieldentry>162-42</fieldentry></qti_metadatafield></qtimetadata></itemmetadata><itemproc_extension><d2l_2p0:difficulty>3</d2l_2p0:difficulty><d2l_2p0:isbonus>no</d2l_2p0:isbonus><d2l_2p0:ismandatory>no</d2l_2p0:ismandatory></itemproc_extension><presentation><flow><material><mattext texttype="text/html">&lt;p&gt;F4&lt;/p&gt;</mattext></material><response_extension><d2l_2p0:display_style>2</d2l_2p0:display_style><d2l_2p0:enumeration>6</d2l_2p0:enumeration><d2l_2p0:grading_type>0</d2l_2p0:grading_type></response_extension><response_lid ident="QUES_987_1543_LID" rcardinality="Single"><render_choice shuffle="yes"><flow_label class="Block"><response_label ident="QUES_987_1543_A5701"><flow_mat><material><mattext texttype="text/html">&lt;p&gt;Yes&lt;/p&gt;</mattext></material></flow_mat></response_label></flow_label><flow_label class="Block"><response_label ident="QUES_987_1543_A5702"><flow_mat><material><mattext texttype="text/html">&lt;p&gt;No&lt;/p&gt;</mattext></material></flow_mat></response_label></flow_label><flow_label class="Block"><response_label ident="QUES_987_1543_A5703"><flow_mat><material><mattext texttype="text/html">&lt;p&gt;No&lt;/p&gt;</mattext></material></flow_mat></response_label></flow_label><flow_label class="Block"><response_label ident="QUES_987_1543_A5704"><flow_mat><material><mattext texttype="text/html">&lt;p&gt;No&lt;/p&gt;</mattext></material></flow_mat></response_label></flow_label></render_choice></response_lid></flow></presentation><resprocessing><respcondition title="Response Condition 1"><conditionvar><varequal respident="QUES_987_1543_LID">QUES_987_1543_A5701</varequal></conditionvar><setvar action="Set">100.000000000</setvar><displayfeedback feedbacktype="Response" linkrefid="QUES_987_1543_IF5701" /></respcondition><respcondition title="Response Condition 2"><conditionvar><varequal respident="QUES_987_1543_LID">QUES_987_1543_A5702</varequal></conditionvar><setvar action="Set">0.000000000</setvar><displayfeedback feedbacktype="Response" linkrefid="QUES_987_1543_IF5702" /></respcondition><respcondition title="Response Condition 3"><conditionvar><varequal respident="QUES_987_1543_LID">QUES_987_1543_A5703</varequal></conditionvar><setvar action="Set">0.000000000</setvar><displayfeedback feedbacktype="Response" linkrefid="QUES_987_1543_IF5703" /></respcondition><respcondition title="Response Condition 4"><conditionvar><varequal respident="QUES_987_1543_LID">QUES_987_1543_A5704</varequal></conditionvar><setvar action="Set">0.000000000</setvar><displayfeedback feedbacktype="Response" linkrefid="QUES_987_1543_IF5704" /></respcondition></resprocessing><itemfeedback ident="QUES_987_1543_IF5701"><material><mattext texttype="text/html" /></material></itemfeedback><itemfeedback ident="QUES_987_1543_IF5702"><material><mattext texttype="text/html" /></material></itemfeedback><itemfeedback ident="QUES_987_1543_IF5703"><material><mattext texttype="text/html" /></material></itemfeedback><itemfeedback ident="QUES_987_1543_IF5704"><material><mattext texttype="text/html" /></material></itemfeedback></item><item ident="OBJ_2719" label="QUES_988_1544" d2l_2p0:page="1" title="F5"><itemmetadata><qtimetadata><qti_metadatafield><fieldlabel>qmd_computerscored</fieldlabel><fieldentry>yes</fieldentry></qti_metadatafield><qti_metadatafield><fieldlabel>qmd_questiontype</fieldlabel><fieldentry>Multiple Choice</fieldentry></qti_metadatafield><qti_metadatafield><fieldlabel>qmd_weighting</fieldlabel><fieldentry>2.000000000</fieldentry></qti_metadatafield><qti_metadatafield><fieldlabel>qmd_globalid</fieldlabel><fieldentry>eb88b729-04e6-4743-a494-ce0ddade1dec</fieldentry></qti_metadatafield><qti_metadatafield><fieldlabel>qmd_displayid</fieldlabel><fieldentry>162-43</fieldentry></qti_metadatafield></qtimetadata></itemmetadata><itemproc_extension><d2l_2p0:difficulty>4</d2l_2p0:difficulty><d2l_2p0:isbonus>no</d2l_2p0:isbonus><d2l_2p0:ismandatory>no</d2l_2p0:ismandatory></itemproc_extension><presentation><flow><material><mattext texttype="text/html">&lt;p&gt;F5&lt;/p&gt;</mattext></material><response_extension><d2l_2p0:display_style>2</d2l_2p0:display_style><d2l_2p0:enumeration>6</d2l_2p0:enumeration><d2l_2p0:grading_type>0</d2l_2p0:grading_type></response_extension><response_lid ident="QUES_988_1544_LID" rcardinality="Single"><render_choice shuffle="no"><flow_label class="Block"><response_label ident="QUES_988_1544_A5705"><flow_mat><material><mattext texttype="text/html">&lt;p&gt;Yes&lt;/p&gt;</mattext></material></flow_mat></response_label></flow_label><flow_label class="Block"><response_label ident="QUES_988_1544_A5706"><flow_mat><material><mattext texttype="text/html">&lt;p&gt;No&lt;/p&gt;</mattext></material></flow_mat></response_label></flow_label><flow_label class="Block"><response_label ident="QUES_988_1544_A5707"><flow_mat><material><mattext texttype="text/html">&lt;p&gt;No&lt;/p&gt;</mattext></material></flow_mat></response_label></flow_label><flow_label class="Block"><response_label ident="QUES_988_1544_A5708"><flow_mat><material><mattext texttype="text/html">&lt;p&gt;No&lt;/p&gt;</mattext></material></flow_mat></response_label></flow_label></render_choice></response_lid></flow></presentation><resprocessing><respcondition title="Response Condition 1"><conditionvar><varequal respident="QUES_988_1544_LID">QUES_988_1544_A5705</varequal></conditionvar><setvar action="Set">100.000000000</setvar><displayfeedback feedbacktype="Response" linkrefid="QUES_988_1544_IF5705" /></respcondition><respcondition title="Response Condition 2"><conditionvar><varequal respident="QUES_988_1544_LID">QUES_988_1544_A5706</varequal></conditionvar><setvar action="Set">0.000000000</setvar><displayfeedback feedbacktype="Response" linkrefid="QUES_988_1544_IF5706" /></respcondition><respcondition title="Response Condition 3"><conditionvar><varequal respident="QUES_988_1544_LID">QUES_988_1544_A5707</varequal></conditionvar><setvar action="Set">0.000000000</setvar><displayfeedback feedbacktype="Response" linkrefid="QUES_988_1544_IF5707" /></respcondition><respcondition title="Response Condition 4"><conditionvar><varequal respident="QUES_988_1544_LID">QUES_988_1544_A5708</varequal></conditionvar><setvar action="Set">0.000000000</setvar><displayfeedback feedbacktype="Response" linkrefid="QUES_988_1544_IF5708" /></respcondition></resprocessing><itemfeedback ident="QUES_988_1544_IF5705"><material><mattext texttype="text/html" /></material></itemfeedback><itemfeedback ident="QUES_988_1544_IF5706"><material><mattext texttype="text/html" /></material></itemfeedback><itemfeedback ident="QUES_988_1544_IF5707"><material><mattext texttype="text/html" /></material></itemfeedback><itemfeedback ident="QUES_988_1544_IF5708"><material><mattext texttype="text/html" /></material></itemfeedback></item><item ident="OBJ_2720" label="QUES_989_1573" d2l_2p0:page="1" title="F6"><itemmetadata><qtimetadata><qti_metadatafield><fieldlabel>qmd_computerscored</fieldlabel><fieldentry>yes</fieldentry></qti_metadatafield><qti_metadatafield><fieldlabel>qmd_questiontype</fieldlabel><fieldentry>Multiple Choice</fieldentry></qti_metadatafield><qti_metadatafield><fieldlabel>qmd_weighting</fieldlabel><fieldentry>2.000000000</fieldentry></qti_metadatafield><qti_metadatafield><fieldlabel>qmd_globalid</fieldlabel><fieldentry>841a89b5-1bfb-4bc1-8834-4e0664deed5e</fieldentry></qti_metadatafield><qti_metadatafield><fieldlabel>qmd_displayid</fieldlabel><fieldentry>162-45</fieldentry></qti_metadatafield></qtimetadata></itemmetadata><itemproc_extension><d2l_2p0:difficulty>4</d2l_2p0:difficulty><d2l_2p0:isbonus>no</d2l_2p0:isbonus><d2l_2p0:ismandatory>no</d2l_2p0:ismandatory></itemproc_extension><presentation><flow><material><mattext texttype="text/html">&lt;p&gt;F6&lt;/p&gt;</mattext></material><response_extension><d2l_2p0:display_style>2</d2l_2p0:display_style><d2l_2p0:enumeration>6</d2l_2p0:enumeration><d2l_2p0:grading_type>0</d2l_2p0:grading_type></response_extension><response_lid ident="QUES_989_1573_LID" rcardinality="Single"><render_choice shuffle="yes"><flow_label class="Block"><response_label ident="QUES_989_1573_A5792"><flow_mat><material><mattext texttype="text/html">&lt;p&gt;Yes&lt;/p&gt;</mattext></material></flow_mat></response_label></flow_label><flow_label class="Block"><response_label ident="QUES_989_1573_A5793"><flow_mat><material><mattext texttype="text/html">&lt;p&gt;No&lt;/p&gt;</mattext></material></flow_mat></response_label></flow_label><flow_label class="Block"><response_label ident="QUES_989_1573_A5794"><flow_mat><material><mattext texttype="text/html">&lt;p&gt;No&lt;/p&gt;</mattext></material></flow_mat></response_label></flow_label><flow_label class="Block"><response_label ident="QUES_989_1573_A5795"><flow_mat><material><mattext texttype="text/html">&lt;p&gt;No&lt;/p&gt;</mattext></material></flow_mat></response_label></flow_label></render_choice></response_lid></flow></presentation><resprocessing><respcondition title="Response Condition 1"><conditionvar><varequal respident="QUES_989_1573_LID">QUES_989_1573_A5792</varequal></conditionvar><setvar action="Set">100.000000000</setvar><displayfeedback feedbacktype="Response" linkrefid="QUES_989_1573_IF5792" /></respcondition><respcondition title="Response Condition 2"><conditionvar><varequal respident="QUES_989_1573_LID">QUES_989_1573_A5793</varequal></conditionvar><setvar action="Set">0.000000000</setvar><displayfeedback feedbacktype="Response" linkrefid="QUES_989_1573_IF5793" /></respcondition><respcondition title="Response Condition 3"><conditionvar><varequal respident="QUES_989_1573_LID">QUES_989_1573_A5794</varequal></conditionvar><setvar action="Set">0.000000000</setvar><displayfeedback feedbacktype="Response" linkrefid="QUES_989_1573_IF5794" /></respcondition><respcondition title="Response Condition 4"><conditionvar><varequal respident="QUES_989_1573_LID">QUES_989_1573_A5795</varequal></conditionvar><setvar action="Set">0.000000000</setvar><displayfeedback feedbacktype="Response" linkrefid="QUES_989_1573_IF5795" /></respcondition></resprocessing><itemfeedback ident="QUES_989_1573_IF5792"><material><mattext texttype="text/html" /></material></itemfeedback><itemfeedback ident="QUES_989_1573_IF5793"><material><mattext texttype="text/html" /></material></itemfeedback><itemfeedback ident="QUES_989_1573_IF5794"><material><mattext texttype="text/html" /></material></itemfeedback><itemfeedback ident="QUES_989_1573_IF5795"><material><mattext texttype="text/html" /></material></itemfeedback></item><item ident="OBJ_2721" label="QUES_990_1574" d2l_2p0:page="1" title="F7"><itemmetadata><qtimetadata><qti_metadatafield><fieldlabel>qmd_computerscored</fieldlabel><fieldentry>yes</fieldentry></qti_metadatafield><qti_metadatafield><fieldlabel>qmd_questiontype</fieldlabel><fieldentry>Multi-Select</fieldentry></qti_metadatafield><qti_metadatafield><fieldlabel>qmd_weighting</fieldlabel><fieldentry>2.000000000</fieldentry></qti_metadatafield><qti_metadatafield><fieldlabel>qmd_globalid</fieldlabel><fieldentry>4331a5a4-3129-4eee-b4b0-ed0c3df10f03</fieldentry></qti_metadatafield><qti_metadatafield><fieldlabel>qmd_displayid</fieldlabel><fieldentry>162-46</fieldentry></qti_metadatafield></qtimetadata></itemmetadata><itemproc_extension><d2l_2p0:difficulty>4</d2l_2p0:difficulty><d2l_2p0:isbonus>no</d2l_2p0:isbonus><d2l_2p0:ismandatory>no</d2l_2p0:ismandatory></itemproc_extension><presentation><flow><material><mattext texttype="text/html">&lt;p&gt;F7&lt;/p&gt;</mattext></material><response_extension><d2l_2p0:display_style>2</d2l_2p0:display_style><d2l_2p0:enumeration>6</d2l_2p0:enumeration><d2l_2p0:grading_type>0</d2l_2p0:grading_type></response_extension><response_lid ident="QUES_990_1574_LID" rcardinality="Multiple"><render_choice shuffle="yes"><flow_label class="Block"><response_label ident="QUES_990_1574_A5796"><flow_mat><material><mattext texttype="text/html">&lt;p&gt;Yes&lt;/p&gt;</mattext></material></flow_mat></response_label></flow_label><flow_label class="Block"><response_label ident="QUES_990_1574_A5797"><flow_mat><material><mattext texttype="text/html">&lt;p&gt;No&lt;/p&gt;</mattext></material></flow_mat></response_label></flow_label><flow_label class="Block"><response_label ident="QUES_990_1574_A5798"><flow_mat><material><mattext texttype="text/html">&lt;p&gt;Yes&lt;/p&gt;</mattext></material></flow_mat></response_label></flow_label><flow_label class="Block"><response_label ident="QUES_990_1574_A5799"><flow_mat><material><mattext texttype="text/html">&lt;p&gt;No&lt;/p&gt;</mattext></material></flow_mat></response_label></flow_label></render_choice></response_lid></flow></presentation><resprocessing><outcomes><decvar vartype="Integer" defaultval="0" /></outcomes><respcondition title="Scoring for the correct answers" continue="yes"><conditionvar><varequal respident="QUES_990_1574_LID">QUES_990_1574_A5796</varequal><varequal respident="QUES_990_1574_LID">QUES_990_1574_A5798</varequal><not><varequal respident="QUES_990_1574_LID">QUES_990_1574_A5797</varequal><varequal respident="QUES_990_1574_LID">QUES_990_1574_A5799</varequal></not></conditionvar><setvar action="Add">1</setvar></respcondition><respcondition title="Scoring for the incorrect answers" continue="no"><conditionvar><and><not><varequal respident="QUES_990_1574_LID">QUES_990_1574_A5796</varequal><varequal respident="QUES_990_1574_LID">QUES_990_1574_A5798</varequal><not><varequal respident="QUES_990_1574_LID">QUES_990_1574_A5797</varequal><varequal respident="QUES_990_1574_LID">QUES_990_1574_A5799</varequal></not></not></and></conditionvar><setvar action="Add">0</setvar></respcondition></resprocessing><itemfeedback ident="QUES_990_1574_IF5796"><material><mattext texttype="text/html" /></material></itemfeedback><itemfeedback ident="QUES_990_1574_IF5797"><material><mattext texttype="text/html" /></material></itemfeedback><itemfeedback ident="QUES_990_1574_IF5798"><material><mattext texttype="text/html" /></material></itemfeedback><itemfeedback ident="QUES_990_1574_IF5799"><material><mattext texttype="text/html" /></material></itemfeedback></item><item ident="OBJ_2722" label="QUES_991_1575" d2l_2p0:page="1" title="F8"><itemmetadata><qtimetadata><qti_metadatafield><fieldlabel>qmd_computerscored</fieldlabel><fieldentry>yes</fieldentry></qti_metadatafield><qti_metadatafield><fieldlabel>qmd_questiontype</fieldlabel><fieldentry>Multi-Select</fieldentry></qti_metadatafield><qti_metadatafield><fieldlabel>qmd_weighting</fieldlabel><fieldentry>2.000000000</fieldentry></qti_metadatafield><qti_metadatafield><fieldlabel>qmd_globalid</fieldlabel><fieldentry>bfd96131-7aac-459a-9b4b-3841ffa7ca81</fieldentry></qti_metadatafield><qti_metadatafield><fieldlabel>qmd_displayid</fieldlabel><fieldentry>162-47</fieldentry></qti_metadatafield></qtimetadata></itemmetadata><itemproc_extension><d2l_2p0:difficulty>5</d2l_2p0:difficulty><d2l_2p0:isbonus>no</d2l_2p0:isbonus><d2l_2p0:ismandatory>no</d2l_2p0:ismandatory></itemproc_extension><presentation><flow><material><mattext texttype="text/html">&lt;p&gt;F8&lt;/p&gt;</mattext></material><response_extension><d2l_2p0:display_style>2</d2l_2p0:display_style><d2l_2p0:enumeration>6</d2l_2p0:enumeration><d2l_2p0:grading_type>0</d2l_2p0:grading_type></response_extension><response_lid ident="QUES_991_1575_LID" rcardinality="Multiple"><render_choice shuffle="yes"><flow_label class="Block"><response_label ident="QUES_991_1575_A5800"><flow_mat><material><mattext texttype="text/html">&lt;p&gt;Yes&lt;/p&gt;</mattext></material></flow_mat></response_label></flow_label><flow_label class="Block"><response_label ident="QUES_991_1575_A5801"><flow_mat><material><mattext texttype="text/html">&lt;p&gt;Yes&lt;/p&gt;</mattext></material></flow_mat></response_label></flow_label><flow_label class="Block"><response_label ident="QUES_991_1575_A5802"><flow_mat><material><mattext texttype="text/html">&lt;p&gt;No&lt;/p&gt;</mattext></material></flow_mat></response_label></flow_label><flow_label class="Block"><response_label ident="QUES_991_1575_A5803"><flow_mat><material><mattext texttype="text/html">&lt;p&gt;No&lt;/p&gt;</mattext></material></flow_mat></response_label></flow_label></render_choice></response_lid></flow></presentation><resprocessing><outcomes><decvar vartype="Integer" defaultval="0" /></outcomes><respcondition title="Scoring for the correct answers" continue="yes"><conditionvar><varequal respident="QUES_991_1575_LID">QUES_991_1575_A5800</varequal><varequal respident="QUES_991_1575_LID">QUES_991_1575_A5801</varequal><not><varequal respident="QUES_991_1575_LID">QUES_991_1575_A5802</varequal><varequal respident="QUES_991_1575_LID">QUES_991_1575_A5803</varequal></not></conditionvar><setvar action="Add">1</setvar></respcondition><respcondition title="Scoring for the incorrect answers" continue="no"><conditionvar><and><not><varequal respident="QUES_991_1575_LID">QUES_991_1575_A5800</varequal><varequal respident="QUES_991_1575_LID">QUES_991_1575_A5801</varequal><not><varequal respident="QUES_991_1575_LID">QUES_991_1575_A5802</varequal><varequal respident="QUES_991_1575_LID">QUES_991_1575_A5803</varequal></not></not></and></conditionvar><setvar action="Add">0</setvar></respcondition></resprocessing><itemfeedback ident="QUES_991_1575_IF5800"><material><mattext texttype="text/html" /></material></itemfeedback><itemfeedback ident="QUES_991_1575_IF5801"><material><mattext texttype="text/html" /></material></itemfeedback><itemfeedback ident="QUES_991_1575_IF5802"><material><mattext texttype="text/html" /></material></itemfeedback><itemfeedback ident="QUES_991_1575_IF5803"><material><mattext texttype="text/html" /></material></itemfeedback></item><item ident="OBJ_2723" label="QUES_992_1586" d2l_2p0:page="1" title="F9"><itemmetadata><qtimetadata><qti_metadatafield><fieldlabel>qmd_computerscored</fieldlabel><fieldentry>yes</fieldentry></qti_metadatafield><qti_metadatafield><fieldlabel>qmd_questiontype</fieldlabel><fieldentry>Matching</fieldentry></qti_metadatafield><qti_metadatafield><fieldlabel>qmd_weighting</fieldlabel><fieldentry>2.000000000</fieldentry></qti_metadatafield><qti_metadatafield><fieldlabel>qmd_globalid</fieldlabel><fieldentry>994f1c83-8648-4c76-8720-0a155b569668</fieldentry></qti_metadatafield><qti_metadatafield><fieldlabel>qmd_displayid</fieldlabel><fieldentry>162-48</fieldentry></qti_metadatafield></qtimetadata></itemmetadata><itemproc_extension><d2l_2p0:difficulty>5</d2l_2p0:difficulty><d2l_2p0:isbonus>no</d2l_2p0:isbonus><d2l_2p0:ismandatory>no</d2l_2p0:ismandatory></itemproc_extension><presentation><flow><material><mattext texttype="text/html">&lt;p&gt;F9&lt;/p&gt;</mattext></material><response_extension><d2l_2p0:grading_type>1</d2l_2p0:grading_type></response_extension><response_grp respident="QUES_992_1586_C5842" rcardinality="Single"><material><mattext texttype="text/html">&lt;p&gt;A&lt;/p&gt;</mattext></material><render_choice shuffle="yes"><flow_label class="Block"><response_label ident="QUES_992_1586_M5838"><flow_mat><material><mattext texttype="text/html">&lt;p&gt;A&lt;/p&gt;</mattext></material></flow_mat></response_label><response_label ident="QUES_992_1586_M5839"><flow_mat><material><mattext texttype="text/html">&lt;p&gt;B&lt;/p&gt;</mattext></material></flow_mat></response_label><response_label ident="QUES_992_1586_M5840"><flow_mat><material><mattext texttype="text/html">&lt;p&gt;C&lt;/p&gt;</mattext></material></flow_mat></response_label><response_label ident="QUES_992_1586_M5841"><flow_mat><material><mattext texttype="text/html">&lt;p&gt;D&lt;/p&gt;</mattext></material></flow_mat></response_label></flow_label></render_choice></response_grp><response_grp respident="QUES_992_1586_C5843" rcardinality="Single"><material><mattext texttype="text/html">&lt;p&gt;B&lt;/p&gt;</mattext></material><render_choice shuffle="yes"><flow_label class="Block"><response_label ident="QUES_992_1586_M5838"><flow_mat><material><mattext texttype="text/html">&lt;p&gt;A&lt;/p&gt;</mattext></material></flow_mat></response_label><response_label ident="QUES_992_1586_M5839"><flow_mat><material><mattext texttype="text/html">&lt;p&gt;B&lt;/p&gt;</mattext></material></flow_mat></response_label><response_label ident="QUES_992_1586_M5840"><flow_mat><material><mattext texttype="text/html">&lt;p&gt;C&lt;/p&gt;</mattext></material></flow_mat></response_label><response_label ident="QUES_992_1586_M5841"><flow_mat><material><mattext texttype="text/html">&lt;p&gt;D&lt;/p&gt;</mattext></material></flow_mat></response_label></flow_label></render_choice></response_grp><response_grp respident="QUES_992_1586_C5844" rcardinality="Single"><material><mattext texttype="text/html">&lt;p&gt;C&lt;/p&gt;</mattext></material><render_choice shuffle="yes"><flow_label class="Block"><response_label ident="QUES_992_1586_M5838"><flow_mat><material><mattext texttype="text/html">&lt;p&gt;A&lt;/p&gt;</mattext></material></flow_mat></response_label><response_label ident="QUES_992_1586_M5839"><flow_mat><material><mattext texttype="text/html">&lt;p&gt;B&lt;/p&gt;</mattext></material></flow_mat></response_label><response_label ident="QUES_992_1586_M5840"><flow_mat><material><mattext texttype="text/html">&lt;p&gt;C&lt;/p&gt;</mattext></material></flow_mat></response_label><response_label ident="QUES_992_1586_M5841"><flow_mat><material><mattext texttype="text/html">&lt;p&gt;D&lt;/p&gt;</mattext></material></flow_mat></response_label></flow_label></render_choice></response_grp><response_grp respident="QUES_992_1586_C5845" rcardinality="Single"><material><mattext texttype="text/html">&lt;p&gt;D&lt;/p&gt;</mattext></material><render_choice shuffle="yes"><flow_label class="Block"><response_label ident="QUES_992_1586_M5838"><flow_mat><material><mattext texttype="text/html">&lt;p&gt;A&lt;/p&gt;</mattext></material></flow_mat></response_label><response_label ident="QUES_992_1586_M5839"><flow_mat><material><mattext texttype="text/html">&lt;p&gt;B&lt;/p&gt;</mattext></material></flow_mat></response_label><response_label ident="QUES_992_1586_M5840"><flow_mat><material><mattext texttype="text/html">&lt;p&gt;C&lt;/p&gt;</mattext></material></flow_mat></response_label><response_label ident="QUES_992_1586_M5841"><flow_mat><material><mattext texttype="text/html">&lt;p&gt;D&lt;/p&gt;</mattext></material></flow_mat></response_label></flow_label></render_choice></response_grp></flow></presentation><resprocessing><outcomes><decvar vartype="Integer" defaultval="0" varname="D2L_Correct" minvalue="0" maxvalue="100" /><decvar vartype="Integer" defaultval="0" varname="D2L_Incorrect" minvalue="0" maxvalue="100" /><decvar vartype="Decimal" defaultval="0" varname="que_score" minvalue="0" maxvalue="100" /></outcomes><respcondition><conditionvar><varequal respident="QUES_992_1586_C5842">QUES_992_1586_M5838</varequal></conditionvar><setvar varname="D2L_Correct" action="Add">1</setvar></respcondition><respcondition><conditionvar><varequal respident="QUES_992_1586_C5842">QUES_992_1586_M5839</varequal></conditionvar><setvar varname="D2L_Incorrect" action="Add">1</setvar></respcondition><respcondition><conditionvar><varequal respident="QUES_992_1586_C5842">QUES_992_1586_M5840</varequal></conditionvar><setvar varname="D2L_Incorrect" action="Add">1</setvar></respcondition><respcondition><conditionvar><varequal respident="QUES_992_1586_C5842">QUES_992_1586_M5841</varequal></conditionvar><setvar varname="D2L_Incorrect" action="Add">1</setvar></respcondition><respcondition><conditionvar><varequal respident="QUES_992_1586_C5843">QUES_992_1586_M5838</varequal></conditionvar><setvar varname="D2L_Incorrect" action="Add">1</setvar></respcondition><respcondition><conditionvar><varequal respident="QUES_992_1586_C5843">QUES_992_1586_M5839</varequal></conditionvar><setvar varname="D2L_Correct" action="Add">1</setvar></respcondition><respcondition><conditionvar><varequal respident="QUES_992_1586_C5843">QUES_992_1586_M5840</varequal></conditionvar><setvar varname="D2L_Incorrect" action="Add">1</setvar></respcondition><respcondition><conditionvar><varequal respident="QUES_992_1586_C5843">QUES_992_1586_M5841</varequal></conditionvar><setvar varname="D2L_Incorrect" action="Add">1</setvar></respcondition><respcondition><conditionvar><varequal respident="QUES_992_1586_C5844">QUES_992_1586_M5838</varequal></conditionvar><setvar varname="D2L_Incorrect" action="Add">1</setvar></respcondition><respcondition><conditionvar><varequal respident="QUES_992_1586_C5844">QUES_992_1586_M5839</varequal></conditionvar><setvar varname="D2L_Incorrect" action="Add">1</setvar></respcondition><respcondition><conditionvar><varequal respident="QUES_992_1586_C5844">QUES_992_1586_M5840</varequal></conditionvar><setvar varname="D2L_Correct" action="Add">1</setvar></respcondition><respcondition><conditionvar><varequal respident="QUES_992_1586_C5844">QUES_992_1586_M5841</varequal></conditionvar><setvar varname="D2L_Incorrect" action="Add">1</setvar></respcondition><respcondition><conditionvar><varequal respident="QUES_992_1586_C5845">QUES_992_1586_M5838</varequal></conditionvar><setvar varname="D2L_Incorrect" action="Add">1</setvar></respcondition><respcondition><conditionvar><varequal respident="QUES_992_1586_C5845">QUES_992_1586_M5839</varequal></conditionvar><setvar varname="D2L_Incorrect" action="Add">1</setvar></respcondition><respcondition><conditionvar><varequal respident="QUES_992_1586_C5845">QUES_992_1586_M5840</varequal></conditionvar><setvar varname="D2L_Incorrect" action="Add">1</setvar></respcondition><respcondition><conditionvar><varequal respident="QUES_992_1586_C5845">QUES_992_1586_M5841</varequal></conditionvar><setvar varname="D2L_Correct" action="Add">1</setvar></respcondition><respcondition><conditionvar><vargte respident="D2L_Incorrect">0</vargte></conditionvar><setvar varname="que_score" action="Set">0</setvar></respcondition><respcondition><conditionvar><varequal respident="D2L_Incorrect">0</varequal></conditionvar><setvar varname="que_score" action="Set">1</setvar></respcondition></resprocessing></item><item ident="OBJ_2724" label="QUES_993_1607" d2l_2p0:page="1" title="F10"><itemmetadata><qtimetadata><qti_metadatafield><fieldlabel>qmd_computerscored</fieldlabel><fieldentry>yes</fieldentry></qti_metadatafield><qti_metadatafield><fieldlabel>qmd_questiontype</fieldlabel><fieldentry>Matching</fieldentry></qti_metadatafield><qti_metadatafield><fieldlabel>qmd_weighting</fieldlabel><fieldentry>2.000000000</fieldentry></qti_metadatafield><qti_metadatafield><fieldlabel>qmd_globalid</fieldlabel><fieldentry>0cb8541c-7080-4215-9a7e-17ca5907fc12</fieldentry></qti_metadatafield><qti_metadatafield><fieldlabel>qmd_displayid</fieldlabel><fieldentry>162-49</fieldentry></qti_metadatafield></qtimetadata></itemmetadata><itemproc_extension><d2l_2p0:difficulty>5</d2l_2p0:difficulty><d2l_2p0:isbonus>no</d2l_2p0:isbonus><d2l_2p0:ismandatory>no</d2l_2p0:ismandatory></itemproc_extension><presentation><flow><material><mattext texttype="text/html">&lt;p&gt;F10&lt;/p&gt;</mattext></material><response_extension><d2l_2p0:grading_type>1</d2l_2p0:grading_type></response_extension><response_grp respident="QUES_993_1607_C5918" rcardinality="Single"><material><mattext texttype="text/html">&lt;p&gt;A&lt;/p&gt;</mattext></material><render_choice shuffle="yes"><flow_label class="Block"><response_label ident="QUES_993_1607_M5914"><flow_mat><material><mattext texttype="text/html">&lt;p&gt;A&lt;/p&gt;</mattext></material></flow_mat></response_label><response_label ident="QUES_993_1607_M5915"><flow_mat><material><mattext texttype="text/html">&lt;p&gt;B&lt;/p&gt;</mattext></material></flow_mat></response_label><response_label ident="QUES_993_1607_M5916"><flow_mat><material><mattext texttype="text/html">&lt;p&gt;C&lt;/p&gt;</mattext></material></flow_mat></response_label><response_label ident="QUES_993_1607_M5917"><flow_mat><material><mattext texttype="text/html">&lt;p&gt;D&lt;/p&gt;</mattext></material></flow_mat></response_label></flow_label></render_choice></response_grp><response_grp respident="QUES_993_1607_C5919" rcardinality="Single"><material><mattext texttype="text/html">&lt;p&gt;B&lt;/p&gt;</mattext></material><render_choice shuffle="yes"><flow_label class="Block"><response_label ident="QUES_993_1607_M5914"><flow_mat><material><mattext texttype="text/html">&lt;p&gt;A&lt;/p&gt;</mattext></material></flow_mat></response_label><response_label ident="QUES_993_1607_M5915"><flow_mat><material><mattext texttype="text/html">&lt;p&gt;B&lt;/p&gt;</mattext></material></flow_mat></response_label><response_label ident="QUES_993_1607_M5916"><flow_mat><material><mattext texttype="text/html">&lt;p&gt;C&lt;/p&gt;</mattext></material></flow_mat></response_label><response_label ident="QUES_993_1607_M5917"><flow_mat><material><mattext texttype="text/html">&lt;p&gt;D&lt;/p&gt;</mattext></material></flow_mat></response_label></flow_label></render_choice></response_grp><response_grp respident="QUES_993_1607_C5920" rcardinality="Single"><material><mattext texttype="text/html">&lt;p&gt;C&lt;/p&gt;</mattext></material><render_choice shuffle="yes"><flow_label class="Block"><response_label ident="QUES_993_1607_M5914"><flow_mat><material><mattext texttype="text/html">&lt;p&gt;A&lt;/p&gt;</mattext></material></flow_mat></response_label><response_label ident="QUES_993_1607_M5915"><flow_mat><material><mattext texttype="text/html">&lt;p&gt;B&lt;/p&gt;</mattext></material></flow_mat></response_label><response_label ident="QUES_993_1607_M5916"><flow_mat><material><mattext texttype="text/html">&lt;p&gt;C&lt;/p&gt;</mattext></material></flow_mat></response_label><response_label ident="QUES_993_1607_M5917"><flow_mat><material><mattext texttype="text/html">&lt;p&gt;D&lt;/p&gt;</mattext></material></flow_mat></response_label></flow_label></render_choice></response_grp><response_grp respident="QUES_993_1607_C5921" rcardinality="Single"><material><mattext texttype="text/html">&lt;p&gt;D&lt;/p&gt;</mattext></material><render_choice shuffle="yes"><flow_label class="Block"><response_label ident="QUES_993_1607_M5914"><flow_mat><material><mattext texttype="text/html">&lt;p&gt;A&lt;/p&gt;</mattext></material></flow_mat></response_label><response_label ident="QUES_993_1607_M5915"><flow_mat><material><mattext texttype="text/html">&lt;p&gt;B&lt;/p&gt;</mattext></material></flow_mat></response_label><response_label ident="QUES_993_1607_M5916"><flow_mat><material><mattext texttype="text/html">&lt;p&gt;C&lt;/p&gt;</mattext></material></flow_mat></response_label><response_label ident="QUES_993_1607_M5917"><flow_mat><material><mattext texttype="text/html">&lt;p&gt;D&lt;/p&gt;</mattext></material></flow_mat></response_label></flow_label></render_choice></response_grp></flow></presentation><resprocessing><outcomes><decvar vartype="Integer" defaultval="0" varname="D2L_Correct" minvalue="0" maxvalue="100" /><decvar vartype="Integer" defaultval="0" varname="D2L_Incorrect" minvalue="0" maxvalue="100" /><decvar vartype="Decimal" defaultval="0" varname="que_score" minvalue="0" maxvalue="100" /></outcomes><respcondition><conditionvar><varequal respident="QUES_993_1607_C5918">QUES_993_1607_M5914</varequal></conditionvar><setvar varname="D2L_Correct" action="Add">1</setvar></respcondition><respcondition><conditionvar><varequal respident="QUES_993_1607_C5918">QUES_993_1607_M5915</varequal></conditionvar><setvar varname="D2L_Incorrect" action="Add">1</setvar></respcondition><respcondition><conditionvar><varequal respident="QUES_993_1607_C5918">QUES_993_1607_M5916</varequal></conditionvar><setvar varname="D2L_Incorrect" action="Add">1</setvar></respcondition><respcondition><conditionvar><varequal respident="QUES_993_1607_C5918">QUES_993_1607_M5917</varequal></conditionvar><setvar varname="D2L_Incorrect" action="Add">1</setvar></respcondition><respcondition><conditionvar><varequal respident="QUES_993_1607_C5919">QUES_993_1607_M5914</varequal></conditionvar><setvar varname="D2L_Incorrect" action="Add">1</setvar></respcondition><respcondition><conditionvar><varequal respident="QUES_993_1607_C5919">QUES_993_1607_M5915</varequal></conditionvar><setvar varname="D2L_Correct" action="Add">1</setvar></respcondition><respcondition><conditionvar><varequal respident="QUES_993_1607_C5919">QUES_993_1607_M5916</varequal></conditionvar><setvar varname="D2L_Incorrect" action="Add">1</setvar></respcondition><respcondition><conditionvar><varequal respident="QUES_993_1607_C5919">QUES_993_1607_M5917</varequal></conditionvar><setvar varname="D2L_Incorrect" action="Add">1</setvar></respcondition><respcondition><conditionvar><varequal respident="QUES_993_1607_C5920">QUES_993_1607_M5914</varequal></conditionvar><setvar varname="D2L_Incorrect" action="Add">1</setvar></respcondition><respcondition><conditionvar><varequal respident="QUES_993_1607_C5920">QUES_993_1607_M5915</varequal></conditionvar><setvar varname="D2L_Incorrect" action="Add">1</setvar></respcondition><respcondition><conditionvar><varequal respident="QUES_993_1607_C5920">QUES_993_1607_M5916</varequal></conditionvar><setvar varname="D2L_Correct" action="Add">1</setvar></respcondition><respcondition><conditionvar><varequal respident="QUES_993_1607_C5920">QUES_993_1607_M5917</varequal></conditionvar><setvar varname="D2L_Incorrect" action="Add">1</setvar></respcondition><respcondition><conditionvar><varequal respident="QUES_993_1607_C5921">QUES_993_1607_M5914</varequal></conditionvar><setvar varname="D2L_Incorrect" action="Add">1</setvar></respcondition><respcondition><conditionvar><varequal respident="QUES_993_1607_C5921">QUES_993_1607_M5915</varequal></conditionvar><setvar varname="D2L_Incorrect" action="Add">1</setvar></respcondition><respcondition><conditionvar><varequal respident="QUES_993_1607_C5921">QUES_993_1607_M5916</varequal></conditionvar><setvar varname="D2L_Incorrect" action="Add">1</setvar></respcondition><respcondition><conditionvar><varequal respident="QUES_993_1607_C5921">QUES_993_1607_M5917</varequal></conditionvar><setvar varname="D2L_Correct" action="Add">1</setvar></respcondition><respcondition><conditionvar><vargte respident="D2L_Incorrect">0</vargte></conditionvar><setvar varname="que_score" action="Set">0</setvar></respcondition><respcondition><conditionvar><varequal respident="D2L_Incorrect">0</varequal></conditionvar><setvar varname="que_score" action="Set">1</setvar></respcondition></resprocessing></item></section></assessment></questestinterop>