﻿<rubrics schemaversion="v2011"><rubric id="132" name="TrackStar" type="1" scoring_method="2" display_levels_in_des_order="False" state="0" usage_restrictions="Competency"><description text_type="text/html"><text>&lt;p align="LEFT"&gt;&lt;span style="font-size: 10pt;" size="2"&gt;Create a TrackStar Internet lesson plan that is appropriate for your curriculum area. &lt;/span&gt;&lt;/p&gt;
&lt;p&gt;&lt;/p&gt;</text></description><criteria_groups><criteria_group name="Criteria" sort_order="1"><level_set><levels><level name="Unsatisfactory" sort_order="1" level_value="0.000000000" level_id="221" /><level name="Basic" sort_order="5" level_value="0.500000000" level_id="222" /><level name="Developing" sort_order="4" level_value="1.000000000" level_id="223" /><level name="Proficient" sort_order="3" level_value="1.500000000" level_id="224" /><level name="Outstanding" sort_order="2" level_value="2.000000000" level_id="225" /></levels></level_set><criteria><criterion name="Search the Internet and locate 5 web sites that support your curriculum lesson plan." sort_order="1"><cells><cell level_id="221"><description text_type="text/html"><text>&lt;p align="LEFT"&gt;Located less than two web sites.&lt;/p&gt;</text></description><feedback text_type="text/html"><text /></feedback></cell><cell level_id="222"><description text_type="text/html"><text>&lt;p&gt;Identified two web sites that link correctly.&lt;/p&gt;</text></description><feedback text_type="text/html"><text /></feedback></cell><cell level_id="223"><description text_type="text/html"><text>&lt;p&gt;Identified three web sites that link correctly.&lt;/p&gt;</text></description><feedback text_type="text/html"><text /></feedback></cell><cell level_id="224"><description text_type="text/html"><text>&lt;p&gt;Identified four web sites that link correctly.&lt;/p&gt;</text></description><feedback text_type="text/html"><text /></feedback></cell><cell level_id="225"><description text_type="text/html"><text>&lt;p&gt;Identified five web sites that support the lesson plan topic.&amp;nbsp; All link correctly.&lt;/p&gt;</text></description><feedback text_type="text/html"><text /></feedback></cell></cells></criterion><criterion name="Write narrative explanation addressing authenticity and appropriateness of each site. Include OK Pass Skill/Common Core standard to which lesson plan relates." sort_order="2"><cells><cell level_id="221"><description text_type="text/html"><text>&lt;p align="LEFT"&gt;&lt;span style="color: black;font-family: arial,helvetica,sans-serif;font-size: 10pt;"&gt;No track description.&lt;/span&gt;&lt;/p&gt;</text></description><feedback text_type="text/html"><text /></feedback></cell><cell level_id="222"><description text_type="text/html"><text>&lt;p&gt;&lt;span style="font-family: arial,helvetica,sans-serif;"&gt;&lt;span style="color: black;font-size: 10pt;"&gt;Track not uploaded. No OK PASS Skill/Common Core Standard in the track description.&lt;/span&gt;&lt;span style="font-size: 10pt;"&gt;.&lt;/span&gt;&lt;/span&gt;&lt;/p&gt;</text></description><feedback text_type="text/html"><text /></feedback></cell><cell level_id="223"><description text_type="text/html"><text>&lt;p&gt;&lt;span style="color: black; font-family: arial,helvetica,sans-serif; font-size: 10pt;"&gt;No OK PASS Skill/Common Core Standard in the track description.&lt;/span&gt;&lt;/p&gt;</text></description><feedback text_type="text/html"><text /></feedback></cell><cell level_id="224"><description text_type="text/html"><text>&lt;p&gt;&lt;span style="color: black; font-family: arial,helvetica,sans-serif; font-size: 10pt;"&gt;No narrative regarding content evaluation.&lt;/span&gt;&lt;/p&gt;</text></description><feedback text_type="text/html"><text /></feedback></cell><cell level_id="225"><description text_type="text/html"><text>&lt;p&gt;&lt;span style="color: black; font-family: arial,helvetica,sans-serif; font-size: 10pt;"&gt;Create a track description that briefly explains the lesson. State in narrative that web sites have been evaluated for content. Provide OK PASS/Common Core standard being addressed, upload document to D2L when complete.&lt;/span&gt;&lt;/p&gt;</text></description><feedback text_type="text/html"><text /></feedback></cell></cells></criterion><criterion name="Create an original TrackStar lesson plan" sort_order="3"><cells><cell level_id="221"><description text_type="text/html"><text>&lt;p&gt;&lt;span style="font-family: arial,helvetica,sans-serif;font-size: 10pt;"&gt;Failed to complete form.&lt;/span&gt;&lt;/p&gt;</text></description><feedback text_type="text/html"><text /></feedback></cell><cell level_id="222"><description text_type="text/html"><text>&lt;p&gt;&lt;span style="font-family: arial,helvetica,sans-serif;font-size: 10pt;"&gt;Missing three of the on-line features.&lt;/span&gt;&lt;/p&gt;</text></description><feedback text_type="text/html"><text /></feedback></cell><cell level_id="223"><description text_type="text/html"><text>&lt;p&gt;&lt;span style="font-family: arial,helvetica,sans-serif; font-size: 10pt;"&gt;Missing two of the on-line features.&lt;/span&gt;&lt;/p&gt;</text></description><feedback text_type="text/html"><text /></feedback></cell><cell level_id="224"><description text_type="text/html"><text>&lt;p&gt;&lt;span style="font-family: arial,helvetica,sans-serif; font-size: 10pt;"&gt;Missing one of the on-line form features.&lt;/span&gt;&lt;/p&gt;</text></description><feedback text_type="text/html"><text /></feedback></cell><cell level_id="225"><description text_type="text/html"><text>&lt;p&gt;&lt;span style="font-family: arial,helvetica,sans-serif; font-size: 10pt;"&gt;Complete on-line form; include author (your name), curriculum information, track description, and URLs.&lt;/span&gt;&lt;/p&gt;</text></description><feedback text_type="text/html"><text /></feedback></cell></cells></criterion><criterion name="Include annotations (student instructions) for each web site." sort_order="4"><cells><cell level_id="221"><description text_type="text/html"><text>&lt;p&gt;&lt;span style="font-family: arial,helvetica,sans-serif;font-size: 10pt;"&gt;Four sites do not have detailed instructions or there are no annotations.&lt;/span&gt;&lt;/p&gt;</text></description><feedback text_type="text/html"><text /></feedback></cell><cell level_id="222"><description text_type="text/html"><text>&lt;p&gt;&lt;span style="font-family: arial,helvetica,sans-serif;font-size: 10pt;"&gt;Three sites do not have detailed instructions.&lt;/span&gt;&lt;/p&gt;</text></description><feedback text_type="text/html"><text /></feedback></cell><cell level_id="223"><description text_type="text/html"><text>&lt;p&gt;&lt;span style="font-family: arial,helvetica,sans-serif; font-size: 10pt;"&gt;Two sites do not have detailed instructions.&lt;/span&gt;&lt;/p&gt;</text></description><feedback text_type="text/html"><text /></feedback></cell><cell level_id="224"><description text_type="text/html"><text>&lt;p&gt;&lt;span style="font-family: arial,helvetica,sans-serif; font-size: 10pt;"&gt;One site does not have detailed instructions.&lt;/span&gt;&lt;/p&gt;</text></description><feedback text_type="text/html"><text /></feedback></cell><cell level_id="225"><description text_type="text/html"><text>&lt;p&gt;Include functional annotations for each web site.&amp;nbsp; Detailed directions on each annotation for what students are required to do at each web site.&lt;/p&gt;</text></description><feedback text_type="text/html"><text /></feedback></cell></cells></criterion><criterion name="Use spell check and grammar tools. Validate spelling and composition through external means." sort_order="5"><cells><cell level_id="221"><description text_type="text/html"><text>&lt;p&gt;&lt;span style="font-family: arial,helvetica,sans-serif;font-size: 10pt;"&gt;Unacceptable use of spelling and/or rules of grammar and composition.&lt;/span&gt;&lt;/p&gt;</text></description><feedback text_type="text/html"><text /></feedback></cell><cell level_id="222"><description text_type="text/html"><text>&lt;p&gt;&lt;span style="color: black;font-family: arial,helvetica,sans-serif;font-size: 10pt;"&gt;Utilize spell check feature, but has 5 or 6 words with partial attendance to basic rules of grammar and composition (punctuation, capitalization, noun-pronoun agreement, etc).&lt;/span&gt;&lt;/p&gt;</text></description><feedback text_type="text/html"><text /></feedback></cell><cell level_id="223"><description text_type="text/html"><text>&lt;p&gt;Utilize spell check feature, but has 3 or 4 misspelled words with partial attendance to basic rules of grammar and composition (punctuation, capitalization, noun-pronoun agreement, etc).&lt;/p&gt;</text></description><feedback text_type="text/html"><text /></feedback></cell><cell level_id="224"><description text_type="text/html"><text>&lt;p&gt;&lt;span style="color: black; font-family: arial,helvetica,sans-serif; font-size: 10pt;"&gt;Utilize spell check feature, but has 1 or 2 misspelled words. Attends to basic rules of grammar and composition (punctuation, capitalization, noun-pronoun agreement, etc).&lt;/span&gt;&lt;/p&gt;</text></description><feedback text_type="text/html"><text /></feedback></cell><cell level_id="225"><description text_type="text/html"><text>&lt;p&gt;&lt;span style="font-family: arial,helvetica,sans-serif; font-size: 10pt;"&gt;No visible errors in spelling and attendance to basic rules of grammar and composition (punctuation, capitalization, noun-pronoun agreement, sentence fragments).&lt;/span&gt;&lt;/p&gt;</text></description><feedback text_type="text/html"><text /></feedback></cell></cells></criterion></criteria></criteria_group></criteria_groups><overall_level_set><overall_levels><overall_level name="Level 1" sort_order="5" range_start_value="0.000000000"><description text_type="text"><text /></description><feedback text_type="text"><text /></feedback></overall_level><overall_level name="Level 2" sort_order="4" range_start_value="3.000000000"><description text_type="text"><text /></description><feedback text_type="text"><text /></feedback></overall_level><overall_level name="Level 3" sort_order="3" range_start_value="5.000000000"><description text_type="text"><text /></description><feedback text_type="text"><text /></feedback></overall_level><overall_level name="Level 4" sort_order="2" range_start_value="7.000000000"><description text_type="text"><text /></description><feedback text_type="text"><text /></feedback></overall_level><overall_level name="Level 5" sort_order="1" range_start_value="9.000000000"><description text_type="text"><text /></description><feedback text_type="text"><text /></feedback></overall_level></overall_levels></overall_level_set></rubric><rubric id="133" name="PowerPoint" type="1" scoring_method="2" display_levels_in_des_order="False" state="0" usage_restrictions="Competency,ePortfolio"><description text_type="text/html"><text>&lt;p&gt;Create a presentation using MS PowerPoint software that is appropriate for your curriculum area.&lt;/p&gt;</text></description><criteria_groups><criteria_group name="Instructional Competencies" sort_order="1"><level_set><levels><level name="Unsatisfactory" sort_order="4" level_value="0.000000000" level_id="231" /><level name="Developing" sort_order="3" level_value="0.500000000" level_id="232" /><level name="Proficient" sort_order="2" level_value="1.000000000" level_id="233" /><level name="Outstanding" sort_order="1" level_value="1.500000000" level_id="234" /></levels></level_set><criteria><criterion name="Create a 20 slide (minimum) electronic presentation" sort_order="1"><cells><cell level_id="231"><description text_type="text/html"><text>&lt;p&gt;&lt;span style="font-family: 'Tahoma','sans-serif'; font-size: 9pt; mso-fareast-font-family: 'Times New Roman'; mso-ansi-language: EN-US; mso-fareast-language: EN-US; mso-bidi-language: AR-SA;"&gt;Include 6 slides or less&lt;/span&gt;&lt;/p&gt;</text></description><feedback text_type="text/html"><text /></feedback></cell><cell level_id="232"><description text_type="text/html"><text>&lt;p&gt;&lt;span style="font-family: 'Tahoma','sans-serif'; font-size: 9pt; mso-fareast-font-family: 'Times New Roman'; mso-ansi-language: EN-US; mso-fareast-language: EN-US; mso-bidi-language: AR-SA;"&gt;Include 7-13 slides excluding the &amp;ldquo;Title&amp;rdquo; slide but has curriculum content slides. &lt;/span&gt;&lt;/p&gt;</text></description><feedback text_type="text/html"><text /></feedback></cell><cell level_id="233"><description text_type="text/html"><text>&lt;p&gt;&lt;span style="font-family: 'Tahoma','sans-serif'; font-size: 9pt; mso-fareast-font-family: 'Times New Roman'; mso-ansi-language: EN-US; mso-fareast-language: EN-US; mso-bidi-language: AR-SA;"&gt;Include 14-19 slides with the &amp;ldquo;Title&amp;rdquo; slide and curriculum content slides.&lt;/span&gt;&lt;/p&gt;</text></description><feedback text_type="text/html"><text /></feedback></cell><cell level_id="234"><description text_type="text/html"><text>&lt;p&gt;&lt;span style="font-family: 'Tahoma','sans-serif'; font-size: 10pt; mso-fareast-font-family: 'Times New Roman'; mso-ansi-language: EN-US; mso-fareast-language: EN-US; mso-bidi-language: AR-SA;"&gt;Include 20 slides (minimum) with a presentation title slide and minimum 16 curriculum content slides.&lt;/span&gt;&lt;/p&gt;</text></description><feedback text_type="text/html"><text /></feedback></cell></cells></criterion><criterion name="Reference &amp; all black ending slide" sort_order="2"><cells><cell level_id="231"><description text_type="text/html"><text>&lt;p&gt;&lt;span style="font-family: 'Tahoma','sans-serif'; font-size: 9pt; mso-fareast-font-family: 'Times New Roman'; mso-ansi-language: EN-US; mso-fareast-language: EN-US; mso-bidi-language: AR-SA;"&gt;Neither of the features&lt;/span&gt;&lt;/p&gt;</text></description><feedback text_type="text/html"><text /></feedback></cell><cell level_id="232"><description text_type="text/html"><text>&lt;p&gt;&lt;span style="font-family: 'Tahoma','sans-serif'; font-size: 9pt; mso-fareast-font-family: 'Times New Roman'; mso-ansi-language: EN-US; mso-fareast-language: EN-US; mso-bidi-language: AR-SA;"&gt;All black ending slide, but no reference slide.&lt;/span&gt;&lt;/p&gt;</text></description><feedback text_type="text/html"><text /></feedback></cell><cell level_id="233"><description text_type="text/html"><text>&lt;p&gt;&lt;span style="font-family: 'Tahoma','sans-serif'; font-size: 9pt; mso-fareast-font-family: 'Times New Roman'; mso-ansi-language: EN-US; mso-fareast-language: EN-US; mso-bidi-language: AR-SA;"&gt;Reference slide, but no all-black ending slide.&lt;/span&gt;&lt;/p&gt;</text></description><feedback text_type="text/html"><text /></feedback></cell><cell level_id="234"><description text_type="text/html"><text>&lt;p&gt;&lt;span style="font-size: 10pt;"&gt;A reference slide and all black ending slide.&lt;/span&gt;&lt;/p&gt;</text></description><feedback text_type="text/html"><text /></feedback></cell></cells></criterion><criterion name="PASS/CORE Standard and Objective on the second slide.  Be sure to include age level, curriculum area, and all wording of the standard and objectives." sort_order="3"><cells><cell level_id="231"><description text_type="text/html"><text>&lt;p&gt;&lt;span style="font-family: 'Tahoma','sans-serif'; font-size: 9pt; mso-fareast-font-family: 'Times New Roman'; mso-ansi-language: EN-US; mso-fareast-language: EN-US; mso-bidi-language: AR-SA;"&gt;No PASS/&lt;st1:stockticker w:st="on"&gt;CORE&lt;/st1:stockticker&gt; in the presentation or correlated curriculum content.&lt;/span&gt;&lt;/p&gt;</text></description><feedback text_type="text/html"><text /></feedback></cell><cell level_id="232"><description text_type="text/html"><text>&lt;p&gt;&lt;span style="font-family: 'Tahoma','sans-serif'; font-size: 9pt; mso-fareast-font-family: 'Times New Roman'; mso-ansi-language: EN-US; mso-fareast-language: EN-US; mso-bidi-language: AR-SA;"&gt;PASS/&lt;st1:stockticker w:st="on"&gt;CORE&lt;/st1:stockticker&gt; Standard/s and Objective/s for Instructional Technology only &amp;ndash; no curriculum area PASS/&lt;st1:stockticker w:st="on"&gt;CORE&lt;/st1:stockticker&gt;. &lt;/span&gt;&lt;/p&gt;</text></description><feedback text_type="text/html"><text /></feedback></cell><cell level_id="233"><description text_type="text/html"><text>&lt;p&gt;&lt;span style="font-family: 'Tahoma','sans-serif'; font-size: 9pt; mso-fareast-font-family: 'Times New Roman'; mso-ansi-language: EN-US; mso-fareast-language: EN-US; mso-bidi-language: AR-SA;"&gt;PASS/&lt;st1:stockticker w:st="on"&gt;CORE&lt;/st1:stockticker&gt; Standard/s and Objective/s for curriculum area only &amp;ndash; no Instructional Tech PASS.&lt;/span&gt;&lt;/p&gt;</text></description><feedback text_type="text/html"><text /></feedback></cell><cell level_id="234"><description text_type="text/html"><text>&lt;p&gt;&lt;span style="font-family: 'Tahoma','sans-serif'; font-size: 9pt; mso-fareast-font-family: 'Times New Roman'; mso-ansi-language: EN-US; mso-fareast-language: EN-US; mso-bidi-language: AR-SA;"&gt;PASS/&lt;st1:stockticker w:st="on"&gt;CORE&lt;/st1:stockticker&gt; Standard/s and Objective/s for both Instructional Technology and one (minimum) curriculum area on the second slide. &lt;/span&gt;&lt;/p&gt;</text></description><feedback text_type="text/html"><text /></feedback></cell></cells></criterion><criterion name="Include 10 graphics." sort_order="4"><cells><cell level_id="231"><description text_type="text/html"><text>&lt;p&gt;&lt;span style="font-family: 'Tahoma','sans-serif'; font-size: 9pt; mso-fareast-font-family: 'Times New Roman'; mso-ansi-language: EN-US; mso-fareast-language: EN-US; mso-bidi-language: AR-SA;"&gt;Less than 3 graphics and/or no correlation with content, size and placement.&lt;/span&gt;&lt;/p&gt;</text></description><feedback text_type="text/html"><text /></feedback></cell><cell level_id="232"><description text_type="text/html"><text>&lt;p&gt;&lt;span style="font-family: 'Tahoma','sans-serif'; font-size: 9pt; mso-fareast-font-family: 'Times New Roman'; mso-ansi-language: EN-US; mso-fareast-language: EN-US; mso-bidi-language: AR-SA;"&gt;Include 4-6 of the required graphics and/or little correlation with content, size and placement.&lt;/span&gt;&lt;/p&gt;</text></description><feedback text_type="text/html"><text /></feedback></cell><cell level_id="233"><description text_type="text/html"><text>&lt;p&gt;Include 7-9 of the required graphics and /or minimal correlation with content, size and placement.&lt;/p&gt;</text></description><feedback text_type="text/html"><text /></feedback></cell><cell level_id="234"><description text_type="text/html"><text>&lt;p&gt;&lt;span style="font-family: 'Tahoma','sans-serif'; font-size: 9pt; mso-fareast-font-family: 'Times New Roman'; mso-ansi-language: EN-US; mso-fareast-language: EN-US; mso-bidi-language: AR-SA;"&gt;Include 10 graphics (clipart, Internet photo, chart, graph, or word art) that correlate with content and are properly sized and placed for balance.&lt;/span&gt;&lt;/p&gt;</text></description><feedback text_type="text/html"><text /></feedback></cell></cells></criterion><criterion name="Include transitions on each slide." sort_order="5"><cells><cell level_id="231"><description text_type="text/html"><text>&lt;p&gt;&lt;span style="font-family: 'Tahoma','sans-serif'; font-size: 9pt; mso-fareast-font-family: 'Times New Roman'; mso-ansi-language: EN-US; mso-fareast-language: EN-US; mso-bidi-language: AR-SA;"&gt;Omission of all transitions&lt;/span&gt;&lt;/p&gt;</text></description><feedback text_type="text/html"><text /></feedback></cell><cell level_id="232"><description text_type="text/html"><text>&lt;p&gt;&lt;span style="font-family: 'Tahoma','sans-serif'; font-size: 9pt; mso-fareast-font-family: 'Times New Roman'; mso-ansi-language: EN-US; mso-fareast-language: EN-US; mso-bidi-language: AR-SA;"&gt;Transitions on less than 14 slides.&lt;/span&gt;&lt;/p&gt;</text></description><feedback text_type="text/html"><text /></feedback></cell><cell level_id="233"><description text_type="text/html"><text>&lt;p&gt;&lt;span style="font-family: 'Tahoma','sans-serif'; font-size: 9pt; mso-fareast-font-family: 'Times New Roman'; mso-ansi-language: EN-US; mso-fareast-language: EN-US; mso-bidi-language: AR-SA;"&gt;Transitions on 14-19 slides.&lt;/span&gt;&lt;/p&gt;</text></description><feedback text_type="text/html"><text /></feedback></cell><cell level_id="234"><description text_type="text/html"><text>&lt;p&gt;&lt;span style="font-family: 'Tahoma','sans-serif'; font-size: 9pt; mso-fareast-font-family: 'Times New Roman'; mso-ansi-language: EN-US; mso-fareast-language: EN-US; mso-bidi-language: AR-SA;"&gt;Include transitions on every slide.&lt;/span&gt;&lt;/p&gt;</text></description><feedback text_type="text/html"><text /></feedback></cell></cells></criterion><criterion name="Include text and picture animations (builds) on at least 14 slides." sort_order="6"><cells><cell level_id="231"><description text_type="text/html"><text>&lt;p&gt;&lt;span style="font-family: 'Tahoma','sans-serif'; font-size: 9pt; mso-fareast-font-family: 'Times New Roman'; mso-ansi-language: EN-US; mso-fareast-language: EN-US; mso-bidi-language: AR-SA;"&gt;Omission of animations.&lt;/span&gt;&lt;/p&gt;</text></description><feedback text_type="text/html"><text /></feedback></cell><cell level_id="232"><description text_type="text/html"><text>&lt;p&gt;&lt;span style="font-family: 'Tahoma','sans-serif'; font-size: 9pt; mso-fareast-font-family: 'Times New Roman'; mso-ansi-language: EN-US; mso-fareast-language: EN-US; mso-bidi-language: AR-SA;"&gt;Include animations on less than 9 slides.&lt;/span&gt;&lt;/p&gt;</text></description><feedback text_type="text/html"><text /></feedback></cell><cell level_id="233"><description text_type="text/html"><text>&lt;p&gt;&lt;span style="font-family: 'Tahoma','sans-serif'; font-size: 9pt; mso-fareast-font-family: 'Times New Roman'; mso-ansi-language: EN-US; mso-fareast-language: EN-US; mso-bidi-language: AR-SA;"&gt;Include animations on 9-13 slides.&lt;/span&gt;&lt;/p&gt;</text></description><feedback text_type="text/html"><text /></feedback></cell><cell level_id="234"><description text_type="text/html"><text>&lt;p&gt;&lt;span style="font-family: 'Tahoma','sans-serif'; font-size: 9pt; mso-fareast-font-family: 'Times New Roman'; mso-ansi-language: EN-US; mso-fareast-language: EN-US; mso-bidi-language: AR-SA;"&gt;&lt;span style="font-family: 'Tahoma','sans-serif'; font-size: 9pt; mso-fareast-font-family: 'Times New Roman'; mso-ansi-language: EN-US; mso-fareast-language: EN-US; mso-bidi-language: AR-SA;"&gt;Include animations on at least 14 slides that support the delivery flow of the presentation.&lt;/span&gt;&lt;/span&gt;&lt;/p&gt;</text></description><feedback text_type="text/html"><text /></feedback></cell></cells></criterion><criterion name="Include appropriate font sizes." sort_order="7"><cells><cell level_id="231"><description text_type="text/html"><text>&lt;p&gt;&lt;span style="font-family: 'Tahoma','sans-serif'; font-size: 9pt; mso-fareast-font-family: 'Times New Roman'; mso-ansi-language: EN-US; mso-fareast-language: EN-US; mso-bidi-language: AR-SA;"&gt;Inappropriate use of fonts sizes throughout.&lt;/span&gt;&lt;/p&gt;</text></description><feedback text_type="text/html"><text /></feedback></cell><cell level_id="232"><description text_type="text/html"><text>&lt;p&gt;&lt;span style="font-family: 'Tahoma','sans-serif'; font-size: 9pt; mso-fareast-font-family: 'Times New Roman'; mso-ansi-language: EN-US; mso-fareast-language: EN-US; mso-bidi-language: AR-SA;"&gt;Little attention to appropriate font sizes.&lt;/span&gt;&lt;/p&gt;</text></description><feedback text_type="text/html"><text /></feedback></cell><cell level_id="233"><description text_type="text/html"><text>&lt;p&gt;&lt;span style="font-family: 'Tahoma','sans-serif'; font-size: 9pt; mso-fareast-font-family: 'Times New Roman'; mso-ansi-language: EN-US; mso-fareast-language: EN-US; mso-bidi-language: AR-SA;"&gt;Minimal attention to appropriate font sizes.&lt;/span&gt;&lt;/p&gt;</text></description><feedback text_type="text/html"><text /></feedback></cell><cell level_id="234"><description text_type="text/html"><text>&lt;p&gt;&lt;span style="font-family: 'Tahoma','sans-serif'; font-size: 9pt; mso-fareast-font-family: 'Times New Roman'; mso-ansi-language: EN-US; mso-fareast-language: EN-US; mso-bidi-language: AR-SA;"&gt;Use appropriate font sizes (content text &amp;gt;= 32 point, title text &amp;gt;= 44 point, graphic labels &amp;lt;=12).&lt;/span&gt;&lt;/p&gt;</text></description><feedback text_type="text/html"><text /></feedback></cell></cells></criterion><criterion name="Proofread carefully for spelling and grammar errors." sort_order="8"><cells><cell level_id="231"><description text_type="text/html"><text>&lt;p&gt;&lt;span style="font-family: 'Tahoma','sans-serif'; font-size: 9pt; mso-fareast-font-family: 'Times New Roman'; mso-ansi-language: EN-US; mso-fareast-language: EN-US; mso-bidi-language: AR-SA;"&gt;More than six errors.&lt;/span&gt;&lt;/p&gt;</text></description><feedback text_type="text/html"><text /></feedback></cell><cell level_id="232"><description text_type="text/html"><text>&lt;p&gt;&lt;span style="font-family: 'Tahoma','sans-serif'; font-size: 9pt; mso-fareast-font-family: 'Times New Roman'; mso-ansi-language: EN-US; mso-fareast-language: EN-US; mso-bidi-language: AR-SA;"&gt;Four to six errors.&lt;/span&gt;&lt;/p&gt;</text></description><feedback text_type="text/html"><text /></feedback></cell><cell level_id="233"><description text_type="text/html"><text>&lt;p&gt;One to three errors.&lt;/p&gt;</text></description><feedback text_type="text/html"><text /></feedback></cell><cell level_id="234"><description text_type="text/html"><text>&lt;p&gt;&lt;span style="font-family: 'Tahoma','sans-serif'; font-size: 9pt; mso-fareast-font-family: 'Times New Roman'; mso-ansi-language: EN-US; mso-fareast-language: EN-US; mso-bidi-language: AR-SA;"&gt;No visible errors in spelling and attendance to basic rules of grammar and composition (punctuation, capitalization, noun-pronoun agreement, etc).&lt;/span&gt;&lt;/p&gt;</text></description><feedback text_type="text/html"><text /></feedback></cell></cells></criterion><criterion name="Video, hyperlink and action button." sort_order="9"><cells><cell level_id="231"><description text_type="text/html"><text>&lt;p&gt;&lt;span style="font-family: 'Tahoma','sans-serif'; font-size: 9pt; mso-fareast-font-family: 'Times New Roman'; mso-ansi-language: EN-US; mso-fareast-language: EN-US; mso-bidi-language: AR-SA;"&gt;None of the features.&lt;/span&gt;&lt;/p&gt;</text></description><feedback text_type="text/html"><text /></feedback></cell><cell level_id="232"><description text_type="text/html"><text>&lt;p&gt;&lt;span style="font-family: 'Tahoma','sans-serif'; font-size: 9pt; mso-fareast-font-family: 'Times New Roman'; mso-ansi-language: EN-US; mso-fareast-language: EN-US; mso-bidi-language: AR-SA;"&gt;Missing two features.&lt;/span&gt;&lt;/p&gt;</text></description><feedback text_type="text/html"><text /></feedback></cell><cell level_id="233"><description text_type="text/html"><text>&lt;p&gt;&lt;span style="font-family: 'Tahoma','sans-serif'; font-size: 9pt; mso-fareast-font-family: 'Times New Roman'; mso-ansi-language: EN-US; mso-fareast-language: EN-US; mso-bidi-language: AR-SA;"&gt;Missing one feature.&lt;/span&gt;&lt;/p&gt;</text></description><feedback text_type="text/html"><text /></feedback></cell><cell level_id="234"><description text_type="text/html"><text>&lt;p&gt;&lt;span style="font-family: 'Tahoma','sans-serif'; font-size: 9pt; mso-fareast-font-family: 'Times New Roman'; mso-ansi-language: EN-US; mso-fareast-language: EN-US; mso-bidi-language: AR-SA;"&gt;At least one each video, hyperlink, and action button.&lt;/span&gt;&lt;/p&gt;</text></description><feedback text_type="text/html"><text /></feedback></cell></cells></criterion><criterion name="Include three different embedded sounds (not built-ins)." sort_order="10"><cells><cell level_id="231"><description text_type="text/html"><text>&lt;p&gt;&lt;span style="font-family: 'Tahoma','sans-serif'; font-size: 9pt; mso-fareast-font-family: 'Times New Roman'; mso-ansi-language: EN-US; mso-fareast-language: EN-US; mso-bidi-language: AR-SA;"&gt;No embedded sounds.&lt;/span&gt;&lt;/p&gt;</text></description><feedback text_type="text/html"><text /></feedback></cell><cell level_id="232"><description text_type="text/html"><text>&lt;p&gt;&lt;span style="font-family: 'Tahoma','sans-serif'; font-size: 9pt; mso-fareast-font-family: 'Times New Roman'; mso-ansi-language: EN-US; mso-fareast-language: EN-US; mso-bidi-language: AR-SA;"&gt;Missing two sounds.&lt;/span&gt;&lt;/p&gt;</text></description><feedback text_type="text/html"><text /></feedback></cell><cell level_id="233"><description text_type="text/html"><text>&lt;p&gt;&lt;span style="font-family: 'Tahoma','sans-serif'; font-size: 9pt; mso-fareast-font-family: 'Times New Roman'; mso-ansi-language: EN-US; mso-fareast-language: EN-US; mso-bidi-language: AR-SA;"&gt;Missing one sound.&lt;/span&gt;&lt;/p&gt;</text></description><feedback text_type="text/html"><text /></feedback></cell><cell level_id="234"><description text_type="text/html"><text>&lt;p&gt;&lt;span style="font-family: 'Tahoma','sans-serif'; font-size: 9pt; mso-fareast-font-family: 'Times New Roman'; mso-ansi-language: EN-US; mso-fareast-language: EN-US; mso-bidi-language: AR-SA;"&gt;Embed three different sounds (CD, sound clips, and/or narratives).&lt;/span&gt;&lt;/p&gt;</text></description><feedback text_type="text/html"><text /></feedback></cell></cells></criterion></criteria></criteria_group></criteria_groups><overall_level_set><overall_levels><overall_level name="Level 1" sort_order="4" range_start_value="0.000000000"><description text_type="text"><text /></description><feedback text_type="text"><text /></feedback></overall_level><overall_level name="Level 2" sort_order="3" range_start_value="5.000000000"><description text_type="text"><text /></description><feedback text_type="text"><text /></feedback></overall_level><overall_level name="Level 3" sort_order="2" range_start_value="8.000000000"><description text_type="text"><text /></description><feedback text_type="text"><text /></feedback></overall_level><overall_level name="Level 4" sort_order="1" range_start_value="11.000000000"><description text_type="text"><text /></description><feedback text_type="text"><text /></feedback></overall_level></overall_levels></overall_level_set></rubric><rubric id="134" name="Movie" type="1" scoring_method="2" display_levels_in_des_order="False" state="0" usage_restrictions="Competency,ePortfolio"><description text_type="text/html"><text>&lt;p&gt;Use Windows Movie Maker to create an instructional video for use as part of the Unit.&lt;/p&gt;</text></description><criteria_groups><criteria_group name="Criteria" sort_order="1"><level_set><levels><level name="Unacceptable" sort_order="1" level_value="0.000000000" level_id="239" /><level name="Proficient" sort_order="2" level_value="1.000000000" level_id="240" /><level name="Outstanding" sort_order="3" level_value="2.000000000" level_id="241" /></levels></level_set><criteria><criterion name="Graphics - quality still shots and/or video clips included" sort_order="1"><cells><cell level_id="239"><description text_type="text/html"><text>&lt;p&gt;Less than 10 graphics and/or videos are included. Many are of poor quality.&lt;/p&gt;</text></description><feedback text_type="text/html"><text /></feedback></cell><cell level_id="240"><description text_type="text/html"><text>&lt;p&gt;Ten to 14 graphics and/or videos are included. Most are of good to excellent quality.&lt;/p&gt;</text></description><feedback text_type="text/html"><text /></feedback></cell><cell level_id="241"><description text_type="text/html"><text>&lt;p&gt;Minimum of 15 graphics and or combination of graphics and video clips. All are excellent quality.&lt;/p&gt;</text></description><feedback text_type="text/html"><text /></feedback></cell></cells></criterion><criterion name="Audio - quality music and/or narration included" sort_order="2"><cells><cell level_id="239"><description text_type="text/html"><text>&lt;p&gt;One or no audio files are included or more are included but are all of poor quality.&lt;/p&gt;</text></description><feedback text_type="text/html"><text /></feedback></cell><cell level_id="240"><description text_type="text/html"><text>&lt;p&gt;Two audio files are included; both are of good to excellent quality. They are well placed to make sense in the instructional plot.&lt;/p&gt;</text></description><feedback text_type="text/html"><text /></feedback></cell><cell level_id="241"><description text_type="text/html"><text>&lt;p&gt;Minimum of three audio files (music, video accompaniment, and/or narration) are included. All are of excellent quality, with good placement in the video. None overlap to distract from instruction.&lt;/p&gt;</text></description><feedback text_type="text/html"><text /></feedback></cell></cells></criterion><criterion name="Instructional Content - all material is instructional and can be utilized as part of Unit" sort_order="3"><cells><cell level_id="239"><description text_type="text/html"><text>&lt;p&gt;Video is not instructional or does not work within the topical content of the unit.&lt;/p&gt;</text></description><feedback text_type="text/html"><text /></feedback></cell><cell level_id="240"><description text_type="text/html"><text>&lt;p&gt;Materials are of good quality, but some are not clearly instruction and/or do not work with the unit topic.&lt;/p&gt;</text></description><feedback text_type="text/html"><text /></feedback></cell><cell level_id="241"><description text_type="text/html"><text>&lt;p&gt;All materials &amp;ndash; textual, graphic, and audio are clearly instructional and work well within the integrated teaching unit.&lt;/p&gt;</text></description><feedback text_type="text/html"><text /></feedback></cell></cells></criterion><criterion name="Transitions - included and used properly" sort_order="4"><cells><cell level_id="239"><description text_type="text/html"><text>&lt;p&gt;Less than half the scenes include transitions between and/or those utilized distract from a smooth flow of information.&lt;/p&gt;</text></description><feedback text_type="text/html"><text /></feedback></cell><cell level_id="240"><description text_type="text/html"><text>&lt;p&gt;One-half to &amp;frac34; of the scenes include transitions, or all have transitions but some do not provide a smooth flow of information.&lt;/p&gt;</text></description><feedback text_type="text/html"><text /></feedback></cell><cell level_id="241"><description text_type="text/html"><text>&lt;p&gt;All scenes utilize transitions between; they provide a smooth transition from graphic to graphic, with no distractions.&lt;/p&gt;</text></description><feedback text_type="text/html"><text /></feedback></cell></cells></criterion><criterion name="Spelling/grammar/ capitalization - all formal use is evident" sort_order="5"><cells><cell level_id="239"><description text_type="text/html"><text>&lt;p&gt;Multiple errors in grammar, spelling, and/or capitalization are found.&lt;/p&gt;</text></description><feedback text_type="text/html"><text /></feedback></cell><cell level_id="240"><description text_type="text/html"><text>&lt;p&gt;One or more rules of grammar, spelling, and/or capitalization are in evidence.&lt;/p&gt;</text></description><feedback text_type="text/html"><text /></feedback></cell><cell level_id="241"><description text_type="text/html"><text>&lt;p&gt;Professional writing is included, with correct spelling, grammar and capitalization throughout.&lt;/p&gt;</text></description><feedback text_type="text/html"><text /></feedback></cell></cells></criterion></criteria></criteria_group></criteria_groups><overall_level_set><overall_levels><overall_level name="Unacceptable" sort_order="3" range_start_value="0.000000000"><description text_type="text"><text /></description><feedback text_type="text"><text /></feedback></overall_level><overall_level name="Proficient" sort_order="2" range_start_value="5.000000000"><description text_type="text"><text /></description><feedback text_type="text"><text /></feedback></overall_level><overall_level name="Outstanding" sort_order="1" range_start_value="8.000000000"><description text_type="text"><text /></description><feedback text_type="text"><text /></feedback></overall_level></overall_levels></overall_level_set></rubric><rubric id="135" name="SmartBoard Lesson" type="1" scoring_method="3" display_levels_in_des_order="False" state="0" usage_restrictions="Competency,ePortfolio"><description text_type="text/html"><text>&lt;p&gt;Create a SmartBoard lesson that will accompany your unit plan.&lt;/p&gt;</text></description><criteria_groups><criteria_group name="Criteria" sort_order="1"><level_set><levels><level name="Needs Improvement" sort_order="1" level_id="245" /><level name="Meets Expectations" sort_order="2" level_id="246" /><level name="Exceptional" sort_order="3" level_id="247" /></levels></level_set><criteria><criterion name="Title Page" sort_order="1"><cells><cell level_id="245"><description text_type="text/html"><text>&lt;p&gt;Missing 2 or more of the title page components.&lt;/p&gt;</text></description><feedback text_type="text/html"><text /></feedback></cell><cell level_id="246"><description text_type="text/html"><text>&lt;p&gt;Missing one of the components of the title page.&lt;/p&gt;</text></description><feedback text_type="text/html"><text /></feedback></cell><cell level_id="247"><description text_type="text/html"><text>&lt;p&gt;The title page including the lesson objectives (s) the standard, teacher notes and lesson notes.&lt;/p&gt;</text></description><feedback text_type="text/html"><text /></feedback></cell></cells></criterion><criterion name="Pages" sort_order="2"><cells><cell level_id="245"><description text_type="text/html"><text>&lt;p&gt;4 or fewer pages and/or is missing one of the "exceptional" requirements.&lt;/p&gt;</text></description><feedback text_type="text/html"><text /></feedback></cell><cell level_id="246"><description text_type="text/html"><text>&lt;p&gt;Only 5 pages and/or is missing one of the "exceptional" requirements.&lt;/p&gt;</text></description><feedback text_type="text/html"><text /></feedback></cell><cell level_id="247"><description text_type="text/html"><text>&lt;p&gt;6-10 lesson pages that include lesson content. Text and instruction must be included. The second page must be written at a level that the learner understands what the lesson is going to be about.&lt;/p&gt;</text></description><feedback text_type="text/html"><text /></feedback></cell></cells></criterion><criterion name="Original Interactive Component" sort_order="3"><cells><cell level_id="245"><description text_type="text/html"><text>&lt;p&gt;No original interactive component.&lt;/p&gt;</text></description><feedback text_type="text/html"><text /></feedback></cell><cell level_id="246"><description text_type="text/html"><text>&lt;p&gt;An interactive component you have created, yet not functioning.&lt;/p&gt;</text></description><feedback text_type="text/html"><text /></feedback></cell><cell level_id="247"><description text_type="text/html"><text>&lt;p&gt;A functioning interactive component you have created.&lt;/p&gt;</text></description><feedback text_type="text/html"><text /></feedback></cell></cells></criterion><criterion name="Graphic Elements" sort_order="4"><cells><cell level_id="245"><description text_type="text/html"><text>&lt;p&gt;One or no graphic elements available in the Notebook software.&lt;/p&gt;</text></description><feedback text_type="text/html"><text /></feedback></cell><cell level_id="246"><description text_type="text/html"><text>&lt;p&gt;Two graphic elements available in the Notebook software, e.g. clip art, shapes, etc.&lt;/p&gt;</text></description><feedback text_type="text/html"><text /></feedback></cell><cell level_id="247"><description text_type="text/html"><text>&lt;p&gt;Three or more graphic elements available in the Notebook software, e.g. clip art, shapes, etc.&lt;/p&gt;</text></description><feedback text_type="text/html"><text /></feedback></cell></cells></criterion><criterion name="Advanced Notebook Interactivity" sort_order="5"><cells><cell level_id="245"><description text_type="text/html"><text>&lt;p&gt;No Notebook tool beyond simple text and clip art, e.g. game or activity, etc. is included.&lt;/p&gt;</text></description><feedback text_type="text/html"><text /></feedback></cell><cell level_id="246"><description text_type="text/html"><text>&lt;p&gt;One Notebook tool beyond simple text and clip art, e.g. game, activity, etc. is included, yet not functioning.&lt;/p&gt;</text></description><feedback text_type="text/html"><text /></feedback></cell><cell level_id="247"><description text_type="text/html"><text>&lt;p&gt;Use at least one functioning Notebook tool beyond simple text and clip art, e.g. game, activity, etc.&lt;/p&gt;</text></description><feedback text_type="text/html"><text /></feedback></cell></cells></criterion><criterion name="Spelling, Grammar and Punctuation" sort_order="6"><cells><cell level_id="245"><description text_type="text/html"><text>&lt;p&gt;More than one error.&lt;/p&gt;</text></description><feedback text_type="text/html"><text /></feedback></cell><cell level_id="246"><description text_type="text/html"><text>&lt;p&gt;One error.&lt;/p&gt;</text></description><feedback text_type="text/html"><text /></feedback></cell><cell level_id="247"><description text_type="text/html"><text>&lt;p&gt;No errors.&lt;/p&gt;</text></description><feedback text_type="text/html"><text /></feedback></cell></cells></criterion><criterion name="Hyperlink" sort_order="7"><cells><cell level_id="245"><description text_type="text/html"><text>&lt;p&gt;No hyperlinks.&lt;/p&gt;</text></description><feedback text_type="text/html"><text /></feedback></cell><cell level_id="246"><description text_type="text/html"><text>&lt;p&gt;A hyperlink that does not function.&lt;/p&gt;</text></description><feedback text_type="text/html"><text /></feedback></cell><cell level_id="247"><description text_type="text/html"><text>&lt;p&gt;One or more functioning hyperlinks.&lt;/p&gt;</text></description><feedback text_type="text/html"><text /></feedback></cell></cells></criterion><criterion name="Presentation" sort_order="8"><cells><cell level_id="245"><description text_type="text/html"><text>&lt;p&gt;Not presented in class.&lt;/p&gt;</text></description><feedback text_type="text/html"><text /></feedback></cell><cell level_id="246"><description text_type="text/html"><text /></description><feedback text_type="text/html"><text /></feedback></cell><cell level_id="247"><description text_type="text/html"><text>&lt;p&gt;Presented in class.&lt;/p&gt;</text></description><feedback text_type="text/html"><text /></feedback></cell></cells></criterion></criteria></criteria_group></criteria_groups><overall_level_set><overall_levels><overall_level name="Needs Improvement" sort_order="3" range_start_value="0.000000000"><description text_type="text"><text /></description><feedback text_type="text"><text /></feedback></overall_level><overall_level name="Meets Expectations" sort_order="1" range_start_value="4.000000000"><description text_type="text"><text /></description><feedback text_type="text"><text /></feedback></overall_level><overall_level name="Exceptional" sort_order="2" range_start_value="8.000000000"><description text_type="text"><text /></description><feedback text_type="text"><text /></feedback></overall_level></overall_levels></overall_level_set></rubric><rubric id="136" name="Unit Plan" type="1" scoring_method="3" display_levels_in_des_order="False" state="0" usage_restrictions="Competency,ePortfolio"><description text_type="text/html"><text>&lt;p&gt;This unit is a culmination of the variety of assignments and projects from the class. Utilize all assignments from the semester in the Unit being created, then add additional activities and projects to complete the unit. Be sure to include as many technology elements as make sense with the content.&lt;/p&gt;</text></description><criteria_groups><criteria_group name="Criteria" sort_order="1"><level_set><levels><level name="Unacceptable" sort_order="1" level_id="251" /><level name="Acceptable" sort_order="2" level_id="252" /><level name="Exceptional" sort_order="3" level_id="253" /></levels></level_set><criteria><criterion name="Unit Summary - Details" sort_order="1"><cells><cell level_id="251"><description text_type="text/html"><text>&lt;p&gt;No summary is included &lt;b&gt;OR&lt;/b&gt; there is a summary, but it is poorly written and/or completely lacking in detail.&lt;/p&gt;</text></description><feedback text_type="text/html"><text /></feedback></cell><cell level_id="252"><description text_type="text/html"><text>&lt;p&gt;A well-written summary is included, but detail is lacking.&lt;/p&gt;</text></description><feedback text_type="text/html"><text /></feedback></cell><cell level_id="253"><description text_type="text/html"><text>&lt;p&gt;A well-written and detailed explanation of the unit is included.&lt;/p&gt;</text></description><feedback text_type="text/html"><text /></feedback></cell></cells></criterion><criterion name="PASS and/or Common Core Standards" sort_order="2"><cells><cell level_id="251"><description text_type="text/html"><text>&lt;p&gt;No Standards are included &lt;b&gt;OR&lt;/b&gt; information is there but it does not follow PASS/Common Core verbiage.&lt;/p&gt;</text></description><feedback text_type="text/html"><text /></feedback></cell><cell level_id="252"><description text_type="text/html"><text>&lt;p&gt;Both standard areas are included, but there is no detailed verbiage on standards and sub-standards.&lt;/p&gt;</text></description><feedback text_type="text/html"><text /></feedback></cell><cell level_id="253"><description text_type="text/html"><text>&lt;p&gt;Standards areas being covered in the unit are included &amp;ndash; with at least one curriculum standard plus instructional technology standard.&lt;/p&gt;</text></description><feedback text_type="text/html"><text /></feedback></cell></cells></criterion><criterion name="Student Objectives" sort_order="3"><cells><cell level_id="251"><description text_type="text/html"><text>&lt;p&gt;Student objectives are included but most or all lack measurability.&lt;/p&gt;</text></description><feedback text_type="text/html"><text /></feedback></cell><cell level_id="252"><description text_type="text/html"><text>&lt;p&gt;Student objectives are included but some are missing one or more elements of the ABCD model components.&lt;/p&gt;</text></description><feedback text_type="text/html"><text /></feedback></cell><cell level_id="253"><description text_type="text/html"><text>&lt;p&gt;All student objectives are specific and measurable, including elements of &lt;b&gt;A&lt;/b&gt;udience, &lt;b&gt;B&lt;/b&gt;ehavior, &lt;b&gt;C&lt;/b&gt;ondition, and &lt;b&gt;D&lt;/b&gt;egree (ABCD model).&lt;/p&gt;</text></description><feedback text_type="text/html"><text /></feedback></cell></cells></criterion><criterion name="Procedures - Details for entire Unit" sort_order="4"><cells><cell level_id="251"><description text_type="text/html"><text>&lt;p&gt;The procedures are not broken down by day/week, and there are no details as to the plans, activities, projects, etc. for the unit timeframe.&lt;/p&gt;</text></description><feedback text_type="text/html"><text /></feedback></cell><cell level_id="252"><description text_type="text/html"><text>&lt;p&gt;Procedures include a generally written narrative only, with little breakdown by days and little mention of projects &lt;b&gt;OR&lt;/b&gt; A minimum of 1 week is detailed, but the narrative lacks clear daily details.&lt;/p&gt;</text></description><feedback text_type="text/html"><text /></feedback></cell><cell level_id="253"><description text_type="text/html"><text>&lt;p&gt;A minimum of 1 week is detailed, by day, and daily information is included as to individual lessons, plans, projects, assignments, etc.&lt;/p&gt;</text></description><feedback text_type="text/html"><text /></feedback></cell></cells></criterion><criterion name="Materials/Resources, Supplies Needed" sort_order="5"><cells><cell level_id="251"><description text_type="text/html"><text>&lt;p&gt;There is no mention of materials or resources used to create or implement the unit &lt;b&gt;OR&lt;/b&gt; they are listed with unclear or no detail.&lt;/p&gt;</text></description><feedback text_type="text/html"><text /></feedback></cell><cell level_id="252"><description text_type="text/html"><text>&lt;p&gt;Materials, resources and Internet sites are mentioned but with a less detailed explanation of usage &lt;b&gt;OR&lt;/b&gt; only partial listings are completed.&lt;/p&gt;</text></description><feedback text_type="text/html"><text /></feedback></cell><cell level_id="253"><description text_type="text/html"><text>&lt;p&gt;There is clear detail on all resources, materials and Internet sites utilized throughout the unit, where applicable.&lt;/p&gt;</text></description><feedback text_type="text/html"><text /></feedback></cell></cells></criterion><criterion name="Assessments" sort_order="6"><cells><cell level_id="251"><description text_type="text/html"><text>&lt;p&gt;There are no assessments or they lack clear definition.&lt;/p&gt;</text></description><feedback text_type="text/html"><text /></feedback></cell><cell level_id="252"><description text_type="text/html"><text>&lt;p&gt;The assessment(s) are mentioned but are not clearly explained or defined.&lt;/p&gt;</text></description><feedback text_type="text/html"><text /></feedback></cell><cell level_id="253"><description text_type="text/html"><text>&lt;p&gt;The unit includes a listing of all assessments utilized throughout the unit and/or at least one assessment example.&lt;/p&gt;</text></description><feedback text_type="text/html"><text /></feedback></cell></cells></criterion><criterion name="Remainder of form completed" sort_order="7"><cells><cell level_id="251"><description text_type="text/html"><text>&lt;p&gt;Two or more areas of the form are incomplete.&lt;/p&gt;</text></description><feedback text_type="text/html"><text /></feedback></cell><cell level_id="252"><description text_type="text/html"><text>&lt;p&gt;One area of the form is left incomplete.&lt;/p&gt;</text></description><feedback text_type="text/html"><text /></feedback></cell><cell level_id="253"><description text_type="text/html"><text>&lt;p&gt;All areas of the unit plan form are complete, including checks for curriculum areas (including Technology) and extra explanation where needed.&lt;/p&gt;</text></description><feedback text_type="text/html"><text /></feedback></cell></cells></criterion></criteria></criteria_group></criteria_groups><overall_level_set><overall_levels><overall_level name="Level 1" sort_order="3" range_start_value="0.000000000"><description text_type="text"><text /></description><feedback text_type="text"><text /></feedback></overall_level><overall_level name="Level 2" sort_order="1" range_start_value="10.000000000"><description text_type="text"><text /></description><feedback text_type="text"><text /></feedback></overall_level><overall_level name="Level 3" sort_order="2" range_start_value="17.000000000"><description text_type="text"><text /></description><feedback text_type="text"><text /></feedback></overall_level></overall_levels></overall_level_set></rubric></rubrics>